id,sequenceNumber,text,awayScore,homeScore,scoringPlay,scoreValue,wallclock,atBatId,summaryType,outs,type.id,type.text,type.type,period.type,period.number,period.displayValue,team.id,pitchCount.balls,pitchCount.strikes,resultCount.balls,resultCount.strikes,participants,batOrder,type.alternativeText,bats.type,bats.abbreviation,bats.displayValue,atBatPitchNumber,pitchVelocity,trajectory,type.abbreviation,pitchCoordinate.x,pitchCoordinate.y,pitchType.id,pitchType.text,pitchType.abbreviation,hitCoordinate.x,hitCoordinate.y,alternativePlay,alternativeType.id,alternativeType.text,alternativeType.abbreviation,alternativeType.alternativeText,alternativeType.type,onFirst.athlete.id,onSecond.athlete.id,onThird.athlete.id
4018165630000000059,1,Top of the 1st inning,0,0,False,0,2026-08-17 22:05:20+00:00,4018165630001,I,0,59,Start Inning,start-inning,Top,1,1st Inning,1,0,0,0,0,,,,,,,,,,,,,,,,,,,,,,,,,,
4018165630001010001,1,Shane McClanahan pitches to Tyler O'Neill,0,0,False,0,2026-08-17 22:05:20+00:00,4018165630001,A,1,1,Start Batter/Pitcher,start-batterpitcher,Top,1,1st Inning,1,0,0,0,0,"[{'athlete': {'id': '41199'}, 'type': 'pitcher'}, {'athlete': {'id': '34168'}, 'type': 'batter'}]",1.0,Now at bat,RIGHT,R,Right,,,,,,,,,,,,,,,,,,,,
4018165630001020022,2,Pitch 1 : Ball In Play,0,0,False,0,2026-08-17 22:05:20+00:00,4018165630001,P,1,22,Fly Out,fly-out,Top,1,1st Inning,30,0,0,0,0,"[{'athlete': {'id': '41199'}, 'type': 'pitcher'}, {'athlete': {'id': '34168'}, 'type': 'batter'}]",1.0,Fly Out,RIGHT,R,Right,1.0,94.0,F,FLY,121.0,162.0,17,Four-seam FB,FF,193.0,94.0,,,,,,,,,
4018165630001990057,3,O'Neill flied out to right.,0,0,False,0,2026-08-17 22:05:20+00:00,4018165630001,N,1,57,Play Result,play-result,Top,1,1st Inning,1,0,0,0,0,"[{'athlete': {'id': '41199'}, 'type': 'pitcher'}, {'athlete': {'id': '34168'}, 'type': 'batter'}]",1.0,,RIGHT,R,Right,1.0,,F,,121.0,162.0,,,,,,4018165630001020022,22,Fly Out,FLY,Fly Out,fly-out,,,
4018165630001990099,4,,0,0,False,0,2026-08-17 22:05:20+00:00,4018165630001,,1,99,End Batter/Pitcher,end-batterpitcher,Top,1,1st Inning,1,0,0,0,0,"[{'athlete': {'id': '41199'}, 'type': 'pitcher'}, {'athlete': {'id': '34168'}, 'type': 'batter'}]",1.0,,RIGHT,R,Right,1.0,,F,,121.0,162.0,,,,193.0,94.0,,,,,,,,,
4018165630002010001,1,Shane McClanahan pitches to Pete Alonso,0,0,False,0,2026-08-17 22:05:46+00:00,4018165630002,A,2,1,Start Batter/Pitcher,start-batterpitcher,Top,1,1st Inning,1,0,0,0,0,"[{'athlete': {'id': '41199'}, 'type': 'pitcher'}, {'athlete': {'id': '37498'}, 'type': 'batter'}]",2.0,Now at bat,RIGHT,R,Right,,,,,,,,,,,,,,,,,,,,
4018165630002020036,2,Pitch 1 : Strike 1 Looking,0,0,False,0,2026-08-17 22:05:46+00:00,4018165630002,P,2,36,Strike Looking,strike-looking,Top,1,1st Inning,30,0,0,0,1,"[{'athlete': {'id': '41199'}, 'type': 'pitcher'}, {'athlete': {'id': '37498'}, 'type': 'batter'}]",2.0,Strikeout,RIGHT,R,Right,1.0,95.0,G,SL,97.0,168.0,17,Four-seam FB,FF,,,,,,,,,,,
4018165630002030024,3,Pitch 2 : Ball In Play,0,0,False,0,2026-08-17 22:06:13+00:00,4018165630002,P,2,24,Ground Out,ground-out,Top,1,1st Inning,30,0,1,0,1,"[{'athlete': {'id': '41199'}, 'type': 'pitcher'}, {'athlete': {'id': '37498'}, 'type': 'batter'}]",2.0,Ground Out,RIGHT,R,Right,2.0,84.0,G,GRO,69.0,173.0,6,Changeup,CH,107.0,147.0,,,,,,,,,
4018165630002990057,4,Alonso grounded out to shortstop.,0,0,False,0,2026-08-17 22:06:13+00:00,4018165630002,N,2,57,Play Result,play-result,Top,1,1st Inning,1,0,1,0,1,"[{'athlete': {'id': '41199'}, 'type': 'pitcher'}, {'athlete': {'id': '37498'}, 'type': 'batter'}]",2.0,,RIGHT,R,Right,2.0,,G,,69.0,173.0,,,,,,4018165630002030024,24,Ground Out,GRO,Ground Out,ground-out,,,
4018165630002990099,5,,0,0,False,0,2026-08-17 22:06:13+00:00,4018165630002,,2,99,End Batter/Pitcher,end-batterpitcher,Top,1,1st Inning,1,0,1,0,1,"[{'athlete': {'id': '41199'}, 'type': 'pitcher'}, {'athlete': {'id': '37498'}, 'type': 'batter'}]",2.0,,RIGHT,R,Right,2.0,,G,,69.0,173.0,,,,107.0,147.0,,,,,,,,,
4018165630003010001,1,Shane McClanahan pitches to Jackson Holliday,0,0,False,0,2026-08-17 22:06:36+00:00,4018165630003,A,3,1,Start Batter/Pitcher,start-batterpitcher,Top,1,1st Inning,1,0,0,0,0,"[{'athlete': {'id': '41199'}, 'type': 'pitcher'}, {'athlete': {'id': '5080633'}, 'type': 'batter'}]",3.0,Now at bat,LEFT,L,Left,,,,,,,,,,,,,,,,,,,,
4018165630003020036,2,Pitch 1 : Strike 1 Looking,0,0,False,0,2026-08-17 22:06:36+00:00,4018165630003,P,3,36,Strike Looking,strike-looking,Top,1,1st Inning,30,0,0,0,1,"[{'athlete': {'id': '41199'}, 'type': 'pitcher'}, {'athlete': {'id': '5080633'}, 'type': 'batter'}]",3.0,Strikeout,LEFT,L,Left,1.0,94.0,G,SL,95.0,153.0,17,Four-seam FB,FF,,,,,,,,,,,
4018165630003030005,3,Pitch 2 : Ball 1,0,0,False,0,2026-08-17 22:06:51+00:00,4018165630003,P,3,5,Ball,ball,Top,1,1st Inning,30,0,1,1,1,"[{'athlete': {'id': '41199'}, 'type': 'pitcher'}, {'athlete': {'id': '5080633'}, 'type': 'batter'}]",3.0,Walk,LEFT,L,Left,2.0,86.0,G,B,92.0,192.0,5,Slider,SL,,,,,,,,,,,
4018165630003040005,4,Pitch 3 : Ball 2,0,0,False,0,2026-08-17 22:07:06+00:00,4018165630003,P,3,5,Ball,ball,Top,1,1st Inning,30,1,1,2,1,"[{'athlete': {'id': '41199'}, 'type': 'pitcher'}, {'athlete': {'id': '5080633'}, 'type': 'batter'}]",3.0,Walk,LEFT,L,Left,3.0,96.0,G,B,153.0,159.0,17,Four-seam FB,FF,,,,,,,,,,,
4018165630003050005,5,Pitch 4 : Ball 3,0,0,False,0,2026-08-17 22:07:37+00:00,4018165630003,P,3,5,Ball,ball,Top,1,1st Inning,30,2,1,3,1,"[{'athlete': {'id': '41199'}, 'type': 'pitcher'}, {'athlete': {'id': '5080633'}, 'type': 'batter'}]",3.0,Walk,LEFT,L,Left,4.0,86.0,G,B,73.0,151.0,5,Slider,SL,,,,,,,,,,,
4018165630003060024,6,Pitch 5 : Ball In Play,0,0,False,0,2026-08-17 22:07:48+00:00,4018165630003,P,3,24,Ground Out,ground-out,Top,1,1st Inning,30,3,1,3,1,"[{'athlete': {'id': '41199'}, 'type': 'pitcher'}, {'athlete': {'id': '5080633'}, 'type': 'batter'}]",3.0,Ground Out,LEFT,L,Left,5.0,95.0,G,GRO,123.0,157.0,17,Four-seam FB,FF,148.0,147.0,,,,,,,,,
4018165630003990057,7,Holliday grounded out to second.,0,0,False,0,2026-08-17 22:07:48+00:00,4018165630003,N,3,57,Play Result,play-result,Top,1,1st Inning,1,3,1,3,1,"[{'athlete': {'id': '41199'}, 'type': 'pitcher'}, {'athlete': {'id': '5080633'}, 'type': 'batter'}]",3.0,,LEFT,L,Left,5.0,,G,,123.0,157.0,,,,,,4018165630003060024,24,Ground Out,GRO,Ground Out,ground-out,,,
4018165630003990099,8,,0,0,False,0,2026-08-17 22:07:48+00:00,4018165630003,,3,99,End Batter/Pitcher,end-batterpitcher,Top,1,1st Inning,1,3,1,3,1,"[{'athlete': {'id': '41199'}, 'type': 'pitcher'}, {'athlete': {'id': '5080633'}, 'type': 'batter'}]",3.0,,LEFT,L,Left,5.0,,G,,123.0,157.0,,,,148.0,147.0,,,,,,,,,
4018165630099990058,2,Middle of the 1st inning,0,0,False,0,2026-08-17 22:07:48+00:00,4018165630003,,0,58,End Inning,end-inning,Mid,1,1st Inning,1,0,0,0,0,,,,,,,,,,,,,,,,,,,,,,,,,,
4018165630100000059,1,Bottom of the 1st inning,0,0,False,0,2026-08-17 22:09:57+00:00,4018165630101,I,0,59,Start Inning,start-inning,Bottom,1,1st Inning,30,0,0,0,0,,,,,,,,,,,,,,,,,,,,,,,,,,
4018165630101010001,1,Brandon Young pitches to Yandy Diaz,0,0,False,0,2026-08-17 22:09:57+00:00,4018165630101,A,0,1,Start Batter/Pitcher,start-batterpitcher,Bottom,1,1st Inning,30,0,0,0,0,"[{'athlete': {'id': '4414339'}, 'type': 'pitcher'}, {'athlete': {'id': '33481'}, 'type': 'batter'}]",1.0,Now at bat,RIGHT,R,Right,,,,,,,,,,,,,,,,,,,,
4018165630101020005,2,Pitch 1 : Ball 1,0,0,False,0,2026-08-17 22:09:57+00:00,4018165630101,P,0,5,Ball,ball,Bottom,1,1st Inning,1,0,0,1,0,"[{'athlete': {'id': '4414339'}, 'type': 'pitcher'}, {'athlete': {'id': '33481'}, 'type': 'batter'}]",1.0,Walk,RIGHT,R,Right,1.0,92.0,,B,186.0,180.0,2,Sinker,SI,,,,,,,,,,,
4018165630101030036,3,Pitch 2 : Strike 1 Looking,0,0,False,0,2026-08-17 22:10:11+00:00,4018165630101,P,0,36,Strike Looking,strike-looking,Bottom,1,1st Inning,1,1,0,1,1,"[{'athlete': {'id': '4414339'}, 'type': 'pitcher'}, {'athlete': {'id': '33481'}, 'type': 'batter'}]",1.0,Strikeout,RIGHT,R,Right,2.0,84.0,,SL,100.0,159.0,5,Slider,SL,,,,,,,,,,,
4018165630101040005,4,Pitch 3 : Ball 2,0,0,False,0,2026-08-17 22:10:27+00:00,4018165630101,P,0,5,Ball,ball,Bottom,1,1st Inning,1,1,1,2,1,"[{'athlete': {'id': '4414339'}, 'type': 'pitcher'}, {'athlete': {'id': '33481'}, 'type': 'batter'}]",1.0,Walk,RIGHT,R,Right,3.0,93.0,,B,94.0,205.0,2,Sinker,SI,,,,,,,,,,,
4018165630101050005,5,Pitch 4 : Ball 3,0,0,False,0,2026-08-17 22:10:43+00:00,4018165630101,P,0,5,Ball,ball,Bottom,1,1st Inning,1,2,1,3,1,"[{'athlete': {'id': '4414339'}, 'type': 'pitcher'}, {'athlete': {'id': '33481'}, 'type': 'batter'}]",1.0,Walk,RIGHT,R,Right,4.0,84.0,,B,87.0,204.0,5,Slider,SL,,,,,,,,,,,
4018165630101060036,6,Pitch 5 : Strike 2 Looking,0,0,False,0,2026-08-17 22:10:59+00:00,4018165630101,P,0,36,Strike Looking,strike-looking,Bottom,1,1st Inning,1,3,1,3,2,"[{'athlete': {'id': '4414339'}, 'type': 'pitcher'}, {'athlete': {'id': '33481'}, 'type': 'batter'}]",1.0,Strikeout,RIGHT,R,Right,5.0,84.0,,SL,97.0,156.0,5,Slider,SL,,,,,,,,,,,
4018165630101070021,7,Pitch 6 : Strike 2 Foul,0,0,False,0,2026-08-17 22:11:18+00:00,4018165630101,P,0,21,Foul Ball,foul-ball,Bottom,1,1st Inning,1,3,2,3,2,"[{'athlete': {'id': '4414339'}, 'type': 'pitcher'}, {'athlete': {'id': '33481'}, 'type': 'batter'}]",1.0,,RIGHT,R,Right,6.0,94.0,,F,124.0,141.0,17,Four-seam FB,FF,,,,,,,,,,,
4018165630101990099,10,,0,0,False,0,2026-08-17 22:11:37+00:00,4018165630101,,0,99,End Batter/Pitcher,end-batterpitcher,Bottom,1,1st Inning,30,4,2,4,2,"[{'athlete': {'id': '4414339'}, 'type': 'pitcher'}, {'athlete': {'id': '33481'}, 'type': 'batter'}, {'athlete': {'id': '33481'}, 'type': 'onFirst'}]",1.0,,RIGHT,R,Right,7.0,,,,87.0,223.0,,,,,,,,,,,,33481,,
4018165630101080005,8,Pitch 7 : Ball 4,0,0,False,0,2026-08-17 22:11:42+00:00,4018165630101,P,0,5,Ball,ball,Bottom,1,1st Inning,1,3,2,4,2,"[{'athlete': {'id': '4414339'}, 'type': 'pitcher'}, {'athlete': {'id': '33481'}, 'type': 'batter'}]",1.0,Walk,RIGHT,R,Right,7.0,85.0,,B,87.0,223.0,5,Slider,SL,,,,,,,,,,,
4018165630101990057,9,Díaz walked.,0,0,False,0,2026-08-17 22:11:42+00:00,4018165630101,N,0,57,Play Result,play-result,Bottom,1,1st Inning,30,4,2,4,2,"[{'athlete': {'id': '4414339'}, 'type': 'pitcher'}, {'athlete': {'id': '33481'}, 'type': 'batter'}, {'athlete': {'id': '33481'}, 'type': 'onFirst'}]",1.0,,RIGHT,R,Right,7.0,,,,87.0,223.0,,,,,,4018165630101080005,5,Ball,B,Walk,ball,33481,,
4018165630102010001,1,Brandon Young pitches to Jonathan Aranda,0,0,False,0,2026-08-17 22:12:07+00:00,4018165630102,A,1,1,Start Batter/Pitcher,start-batterpitcher,Bottom,1,1st Inning,30,0,0,0,0,"[{'athlete': {'id': '4414339'}, 'type': 'pitcher'}, {'athlete': {'id': '40810'}, 'type': 'batter'}, {'athlete': {'id': '33481'}, 'type': 'onFirst'}]",2.0,Now at bat,LEFT,L,Left,,,,,,,,,,,,,,,,,,33481,,
4018165630102020021,2,Pitch 1 : Strike 1 Foul,0,0,False,0,2026-08-17 22:12:07+00:00,4018165630102,P,1,21,Foul Ball,foul-ball,Bottom,1,1st Inning,1,0,0,0,1,"[{'athlete': {'id': '4414339'}, 'type': 'pitcher'}, {'athlete': {'id': '40810'}, 'type': 'batter'}, {'athlete': {'id': '33481'}, 'type': 'onFirst'}]",2.0,,LEFT,L,Left,1.0,93.0,F,F,126.0,174.0,17,Four-seam FB,FF,50.0,81.0,,,,,,,33481,,
4018165630102030021,3,Pitch 2 : Strike 2 Foul,0,0,False,0,2026-08-17 22:12:29+00:00,4018165630102,P,1,21,Foul Ball,foul-ball,Bottom,1,1st Inning,1,0,1,0,2,"[{'athlete': {'id': '4414339'}, 'type': 'pitcher'}, {'athlete': {'id': '40810'}, 'type': 'batter'}, {'athlete': {'id': '33481'}, 'type': 'onFirst'}]",2.0,,LEFT,L,Left,2.0,94.0,F,F,109.0,161.0,17,Four-seam FB,FF,50.0,81.0,,,,,,,33481,,
4018165630102040022,4,Pitch 3 : Ball In Play,0,0,False,0,2026-08-17 22:13:25+00:00,4018165630102,P,1,22,Fly Out,fly-out,Bottom,1,1st Inning,1,0,2,0,2,"[{'athlete': {'id': '4414339'}, 'type': 'pitcher'}, {'athlete': {'id': '40810'}, 'type': 'batter'}, {'athlete': {'id': '33481'}, 'type': 'onFirst'}]",2.0,Fly Out,LEFT,L,Left,3.0,94.0,F,FLY,134.0,153.0,17,Four-seam FB,FF,50.0,81.0,,,,,,,33481,,
4018165630102990057,5,"Aranda flied out to left, Díaz to second.",0,0,False,0,2026-08-17 22:13:25+00:00,4018165630102,N,1,57,Play Result,play-result,Bottom,1,1st Inning,30,0,2,0,2,"[{'athlete': {'id': '4414339'}, 'type': 'pitcher'}, {'athlete': {'id': '40810'}, 'type': 'batter'}, {'athlete': {'id': '33481'}, 'type': 'onSecond'}]",2.0,,LEFT,L,Left,3.0,,F,,134.0,153.0,,,,,,4018165630102040022,22,Fly Out,FLY,Fly Out,fly-out,,33481,
4018165630102990099,6,,0,0,False,0,2026-08-17 22:13:25+00:00,4018165630102,,1,99,End Batter/Pitcher,end-batterpitcher,Bottom,1,1st Inning,30,0,2,0,2,"[{'athlete': {'id': '4414339'}, 'type': 'pitcher'}, {'athlete': {'id': '40810'}, 'type': 'batter'}, {'athlete': {'id': '33481'}, 'type': 'onSecond'}]",2.0,,LEFT,L,Left,3.0,,F,,134.0,153.0,,,,50.0,81.0,,,,,,,,33481,
4018165630103010001,1,Brandon Young pitches to Junior Caminero,0,0,False,0,2026-08-17 22:13:40+00:00,4018165630103,A,2,1,Start Batter/Pitcher,start-batterpitcher,Bottom,1,1st Inning,30,0,0,0,0,"[{'athlete': {'id': '4414339'}, 'type': 'pitcher'}, {'athlete': {'id': '4905921'}, 'type': 'batter'}, {'athlete': {'id': '33481'}, 'type': 'onSecond'}]",3.0,Now at bat,RIGHT,R,Right,,,,,,,,,,,,,,,,,,,33481,
4018165630103020037,2,Pitch 1 : Strike 1 Swinging,0,0,False,0,2026-08-17 22:13:40+00:00,4018165630103,P,2,37,Strike Swinging,strike-swinging,Bottom,1,1st Inning,1,0,0,0,1,"[{'athlete': {'id': '4414339'}, 'type': 'pitcher'}, {'athlete': {'id': '4905921'}, 'type': 'batter'}, {'athlete': {'id': '33481'}, 'type': 'onSecond'}]",3.0,Strikeout,RIGHT,R,Right,1.0,85.0,L,SS,107.0,186.0,5,Slider,SL,,,,,,,,,,33481,
4018165630103990099,5,,0,0,False,0,2026-08-17 22:14:07+00:00,4018165630103,,2,99,End Batter/Pitcher,end-batterpitcher,Bottom,1,1st Inning,30,0,1,0,1,"[{'athlete': {'id': '4414339'}, 'type': 'pitcher'}, {'athlete': {'id': '4905921'}, 'type': 'batter'}, {'athlete': {'id': '33481'}, 'type': 'onSecond'}]",3.0,,RIGHT,R,Right,2.0,,L,,95.0,185.0,,,,102.0,141.0,,,,,,,,33481,
4018165630103990057,4,Caminero lined out to shortstop.,0,0,False,0,2026-08-17 22:14:07+00:00,4018165630103,N,2,57,Play Result,play-result,Bottom,1,1st Inning,30,0,1,0,1,"[{'athlete': {'id': '4414339'}, 'type': 'pitcher'}, {'athlete': {'id': '4905921'}, 'type': 'batter'}, {'athlete': {'id': '33481'}, 'type': 'onSecond'}]",3.0,,RIGHT,R,Right,2.0,,L,,95.0,185.0,,,,,,4018165630103030032,32,Line Out,LIN,Line Out,line-out,,33481,
4018165630103030032,3,Pitch 2 : Ball In Play,0,0,False,0,2026-08-17 22:14:07+00:00,4018165630103,P,2,32,Line Out,line-out,Bottom,1,1st Inning,1,0,1,0,1,"[{'athlete': {'id': '4414339'}, 'type': 'pitcher'}, {'athlete': {'id': '4905921'}, 'type': 'batter'}, {'athlete': {'id': '33481'}, 'type': 'onSecond'}]",3.0,Line Out,RIGHT,R,Right,2.0,75.0,L,LIN,95.0,185.0,4,Curve,CU,102.0,141.0,,,,,,,,33481,
4018165630104010001,1,Brandon Young pitches to Liam Hicks,0,0,False,0,2026-08-17 22:14:27+00:00,4018165630104,A,3,1,Start Batter/Pitcher,start-batterpitcher,Bottom,1,1st Inning,30,0,0,0,0,"[{'athlete': {'id': '4414339'}, 'type': 'pitcher'}, {'athlete': {'id': '4725251'}, 'type': 'batter'}, {'athlete': {'id': '33481'}, 'type': 'onSecond'}]",4.0,Now at bat,LEFT,L,Left,,,,,,,,,,,,,,,,,,,33481,
4018165630104020036,2,Pitch 1 : Strike 1 Looking,0,0,False,0,2026-08-17 22:14:27+00:00,4018165630104,P,3,36,Strike Looking,strike-looking,Bottom,1,1st Inning,1,0,0,0,1,"[{'athlete': {'id': '4414339'}, 'type': 'pitcher'}, {'athlete': {'id': '4725251'}, 'type': 'batter'}, {'athlete': {'id': '33481'}, 'type': 'onSecond'}]",4.0,Strikeout,LEFT,L,Left,1.0,74.0,P,SL,134.0,160.0,4,Curve,CU,,,,,,,,,,33481,
4018165630104030033,3,Pitch 2 : Ball In Play,0,0,False,0,2026-08-17 22:14:51+00:00,4018165630104,P,3,33,Pop Out,pop-out,Bottom,1,1st Inning,1,0,1,0,1,"[{'athlete': {'id': '4414339'}, 'type': 'pitcher'}, {'athlete': {'id': '4725251'}, 'type': 'batter'}, {'athlete': {'id': '33481'}, 'type': 'onSecond'}]",4.0,Pop Out,LEFT,L,Left,2.0,93.0,P,POP,118.0,146.0,17,Four-seam FB,FF,102.0,145.0,,,,,,,,33481,
4018165630104990057,4,Hicks popped out to shortstop.,0,0,False,0,2026-08-17 22:14:51+00:00,4018165630104,N,3,57,Play Result,play-result,Bottom,1,1st Inning,30,0,1,0,1,"[{'athlete': {'id': '4414339'}, 'type': 'pitcher'}, {'athlete': {'id': '4725251'}, 'type': 'batter'}, {'athlete': {'id': '33481'}, 'type': 'onSecond'}]",4.0,,LEFT,L,Left,2.0,,P,,118.0,146.0,,,,,,4018165630104030033,33,Pop Out,POP,Pop Out,pop-out,,33481,
4018165630104990099,5,,0,0,False,0,2026-08-17 22:14:51+00:00,4018165630104,,3,99,End Batter/Pitcher,end-batterpitcher,Bottom,1,1st Inning,30,0,1,0,1,"[{'athlete': {'id': '4414339'}, 'type': 'pitcher'}, {'athlete': {'id': '4725251'}, 'type': 'batter'}, {'athlete': {'id': '33481'}, 'type': 'onSecond'}]",4.0,,LEFT,L,Left,2.0,,P,,118.0,146.0,,,,102.0,145.0,,,,,,,,33481,
4018165630199990058,2,End of the 1st inning,0,0,False,0,2026-08-17 22:14:51+00:00,4018165630104,,0,58,End Inning,end-inning,End,1,1st Inning,30,0,0,0,0,,,,,,,,,,,,,,,,,,,,,,,,,,
4018165630200000059,1,Top of the 2nd inning,0,0,False,0,2026-08-17 22:17:05+00:00,4018165630201,I,0,59,Start Inning,start-inning,Top,2,2nd Inning,1,0,0,0,0,,,,,,,,,,,,,,,,,,,,,,,,,,
4018165630201010001,1,Shane McClanahan pitches to Coby Mayo,1,0,False,0,2026-08-17 22:17:05+00:00,4018165630201,A,0,1,Start Batter/Pitcher,start-batterpitcher,Top,2,2nd Inning,1,0,0,0,0,"[{'athlete': {'id': '41199'}, 'type': 'pitcher'}, {'athlete': {'id': '4683371'}, 'type': 'batter'}]",4.0,Now at bat,RIGHT,R,Right,,,,,,,,,,,,,,,,,,,,
4018165630201020021,2,Pitch 1 : Strike 1 Foul,0,0,False,0,2026-08-17 22:17:05+00:00,4018165630201,P,0,21,Foul Ball,foul-ball,Top,2,2nd Inning,30,0,0,0,1,"[{'athlete': {'id': '41199'}, 'type': 'pitcher'}, {'athlete': {'id': '4683371'}, 'type': 'batter'}]",4.0,,RIGHT,R,Right,1.0,95.0,F,F,121.0,166.0,17,Four-seam FB,FF,51.0,23.0,,,,,,,,,
4018165630201030005,3,Pitch 2 : Ball 1,0,0,False,0,2026-08-17 22:17:24+00:00,4018165630201,P,0,5,Ball,ball,Top,2,2nd Inning,30,0,1,1,1,"[{'athlete': {'id': '41199'}, 'type': 'pitcher'}, {'athlete': {'id': '4683371'}, 'type': 'batter'}]",4.0,Walk,RIGHT,R,Right,2.0,87.0,F,B,135.0,229.0,6,Changeup,CH,,,,,,,,,,,
4018165630201040005,4,Pitch 3 : Ball 2,0,0,False,0,2026-08-17 22:17:40+00:00,4018165630201,P,0,5,Ball,ball,Top,2,2nd Inning,30,1,1,2,1,"[{'athlete': {'id': '41199'}, 'type': 'pitcher'}, {'athlete': {'id': '4683371'}, 'type': 'batter'}]",4.0,Walk,RIGHT,R,Right,3.0,80.0,F,B,153.0,213.0,4,Curve,CU,,,,,,,,,,,
4018165630201990099,7,,1,0,False,0,2026-08-17 22:18:25+00:00,4018165630201,,0,99,End Batter/Pitcher,end-batterpitcher,Top,2,2nd Inning,1,2,1,2,1,"[{'athlete': {'id': '41199'}, 'type': 'pitcher'}, {'athlete': {'id': '4683371'}, 'type': 'batter'}]",4.0,,RIGHT,R,Right,4.0,,F,,121.0,180.0,,,,51.0,23.0,,,,,,,,,
4018165630201990057,6,Mayo homered to left center (468 feet).,1,0,True,1,2026-08-17 22:18:25+00:00,4018165630201,S,0,57,Play Result,play-result,Top,2,2nd Inning,1,2,1,2,1,"[{'athlete': {'id': '41199'}, 'type': 'pitcher'}, {'athlete': {'id': '4683371'}, 'type': 'batter'}]",4.0,,RIGHT,R,Right,4.0,,F,,121.0,180.0,,,,51.0,23.0,4018165630201050028,28,Home Run,HR,Home Run,home-run,,,
4018165630201050028,5,Pitch 4 : Ball In Play,1,0,False,0,2026-08-17 22:18:25+00:00,4018165630201,P,0,28,Home Run,home-run,Top,2,2nd Inning,30,2,1,2,1,"[{'athlete': {'id': '41199'}, 'type': 'pitcher'}, {'athlete': {'id': '4683371'}, 'type': 'batter'}]",4.0,Home Run,RIGHT,R,Right,4.0,96.0,F,HR,121.0,180.0,17,Four-seam FB,FF,51.0,23.0,,,,,,,,,
4018165630202010001,1,Shane McClanahan pitches to Gunnar Henderson,1,0,False,0,2026-08-17 22:18:44+00:00,4018165630202,A,1,1,Start Batter/Pitcher,start-batterpitcher,Top,2,2nd Inning,1,0,0,0,0,"[{'athlete': {'id': '41199'}, 'type': 'pitcher'}, {'athlete': {'id': '42507'}, 'type': 'batter'}]",5.0,Now at bat,LEFT,L,Left,,,,,,,,,,,,,,,,,,,,
4018165630202020005,2,Pitch 1 : Ball 1,1,0,False,0,2026-08-17 22:18:44+00:00,4018165630202,P,1,5,Ball,ball,Top,2,2nd Inning,30,0,0,1,0,"[{'athlete': {'id': '41199'}, 'type': 'pitcher'}, {'athlete': {'id': '42507'}, 'type': 'batter'}]",5.0,Walk,LEFT,L,Left,1.0,80.0,G,B,141.0,214.0,4,Curve,CU,,,,,,,,,,,
4018165630202030024,3,Pitch 2 : Ball In Play,1,0,False,0,2026-08-17 22:19:08+00:00,4018165630202,P,1,24,Ground Out,ground-out,Top,2,2nd Inning,30,1,0,1,0,"[{'athlete': {'id': '41199'}, 'type': 'pitcher'}, {'athlete': {'id': '42507'}, 'type': 'batter'}]",5.0,Ground Out,LEFT,L,Left,2.0,96.0,G,GRO,120.0,171.0,17,Four-seam FB,FF,116.0,144.0,,,,,,,,,
4018165630202990057,4,Henderson grounded out to shortstop.,1,0,False,0,2026-08-17 22:19:08+00:00,4018165630202,N,1,57,Play Result,play-result,Top,2,2nd Inning,1,1,0,1,0,"[{'athlete': {'id': '41199'}, 'type': 'pitcher'}, {'athlete': {'id': '42507'}, 'type': 'batter'}]",5.0,,LEFT,L,Left,2.0,,G,,120.0,171.0,,,,,,4018165630202030024,24,Ground Out,GRO,Ground Out,ground-out,,,
4018165630202990099,5,,1,0,False,0,2026-08-17 22:19:08+00:00,4018165630202,,1,99,End Batter/Pitcher,end-batterpitcher,Top,2,2nd Inning,1,1,0,1,0,"[{'athlete': {'id': '41199'}, 'type': 'pitcher'}, {'athlete': {'id': '42507'}, 'type': 'batter'}]",5.0,,LEFT,L,Left,2.0,,G,,120.0,171.0,,,,116.0,144.0,,,,,,,,,
4018165630203010001,1,Shane McClanahan pitches to Christian Encarnacion-Strand,1,0,False,0,2026-08-17 22:19:29+00:00,4018165630203,A,2,1,Start Batter/Pitcher,start-batterpitcher,Top,2,2nd Inning,1,0,0,0,0,"[{'athlete': {'id': '41199'}, 'type': 'pitcher'}, {'athlete': {'id': '5012106'}, 'type': 'batter'}]",6.0,Now at bat,RIGHT,R,Right,,,,,,,,,,,,,,,,,,,,
4018165630203020005,2,Pitch 1 : Ball 1,1,0,False,0,2026-08-17 22:19:29+00:00,4018165630203,P,2,5,Ball,ball,Top,2,2nd Inning,30,0,0,1,0,"[{'athlete': {'id': '41199'}, 'type': 'pitcher'}, {'athlete': {'id': '5012106'}, 'type': 'batter'}]",6.0,Walk,RIGHT,R,Right,1.0,82.0,P,B,161.0,181.0,4,Curve,CU,,,,,,,,,,,
4018165630203030005,3,Pitch 2 : Ball 2,1,0,False,0,2026-08-17 22:19:45+00:00,4018165630203,P,2,5,Ball,ball,Top,2,2nd Inning,30,1,0,2,0,"[{'athlete': {'id': '41199'}, 'type': 'pitcher'}, {'athlete': {'id': '5012106'}, 'type': 'batter'}]",6.0,Walk,RIGHT,R,Right,2.0,81.0,P,B,97.0,198.0,4,Curve,CU,,,,,,,,,,,
4018165630203040021,4,Pitch 3 : Strike 1 Foul,1,0,False,0,2026-08-17 22:20:01+00:00,4018165630203,P,2,21,Foul Ball,foul-ball,Top,2,2nd Inning,30,2,0,2,1,"[{'athlete': {'id': '41199'}, 'type': 'pitcher'}, {'athlete': {'id': '5012106'}, 'type': 'batter'}]",6.0,,RIGHT,R,Right,3.0,96.0,P,F,135.0,158.0,17,Four-seam FB,FF,154.0,162.0,,,,,,,,,
4018165630203050005,5,Pitch 4 : Ball 3,1,0,False,0,2026-08-17 22:20:22+00:00,4018165630203,P,2,5,Ball,ball,Top,2,2nd Inning,30,2,1,3,1,"[{'athlete': {'id': '41199'}, 'type': 'pitcher'}, {'athlete': {'id': '5012106'}, 'type': 'batter'}]",6.0,Walk,RIGHT,R,Right,4.0,95.0,P,B,153.0,217.0,17,Four-seam FB,FF,,,,,,,,,,,
4018165630203990057,7,Encarnacion-Strand popped out to first.,1,0,False,0,2026-08-17 22:20:54+00:00,4018165630203,N,2,57,Play Result,play-result,Top,2,2nd Inning,1,3,1,3,1,"[{'athlete': {'id': '41199'}, 'type': 'pitcher'}, {'athlete': {'id': '5012106'}, 'type': 'batter'}]",6.0,,RIGHT,R,Right,5.0,,P,,105.0,179.0,,,,,,4018165630203060033,33,Pop Out,POP,Pop Out,pop-out,,,
4018165630203990099,8,,1,0,False,0,2026-08-17 22:20:54+00:00,4018165630203,,2,99,End Batter/Pitcher,end-batterpitcher,Top,2,2nd Inning,1,3,1,3,1,"[{'athlete': {'id': '41199'}, 'type': 'pitcher'}, {'athlete': {'id': '5012106'}, 'type': 'batter'}]",6.0,,RIGHT,R,Right,5.0,,P,,105.0,179.0,,,,154.0,162.0,,,,,,,,,
4018165630203060033,6,Pitch 5 : Ball In Play,1,0,False,0,2026-08-17 22:20:54+00:00,4018165630203,P,2,33,Pop Out,pop-out,Top,2,2nd Inning,30,3,1,3,1,"[{'athlete': {'id': '41199'}, 'type': 'pitcher'}, {'athlete': {'id': '5012106'}, 'type': 'batter'}]",6.0,Pop Out,RIGHT,R,Right,5.0,95.0,P,POP,105.0,179.0,17,Four-seam FB,FF,154.0,162.0,,,,,,,,,
4018165630204010001,1,Shane McClanahan pitches to Jeremiah Jackson,1,0,False,0,2026-08-17 22:21:16+00:00,4018165630204,A,3,1,Start Batter/Pitcher,start-batterpitcher,Top,2,2nd Inning,1,0,0,0,0,"[{'athlete': {'id': '41199'}, 'type': 'pitcher'}, {'athlete': {'id': '41264'}, 'type': 'batter'}]",7.0,Now at bat,RIGHT,R,Right,,,,,,,,,,,,,,,,,,,,
4018165630204020037,2,Pitch 1 : Strike 1 Swinging,1,0,False,0,2026-08-17 22:21:16+00:00,4018165630204,P,3,37,Strike Swinging,strike-swinging,Top,2,2nd Inning,30,0,0,0,1,"[{'athlete': {'id': '41199'}, 'type': 'pitcher'}, {'athlete': {'id': '41264'}, 'type': 'batter'}]",7.0,Strikeout,RIGHT,R,Right,1.0,95.0,,SS,129.0,141.0,17,Four-seam FB,FF,,,,,,,,,,,
4018165630204030037,3,Pitch 2 : Strike 2 Swinging,1,0,False,0,2026-08-17 22:21:29+00:00,4018165630204,P,3,37,Strike Swinging,strike-swinging,Top,2,2nd Inning,30,0,1,0,2,"[{'athlete': {'id': '41199'}, 'type': 'pitcher'}, {'athlete': {'id': '41264'}, 'type': 'batter'}]",7.0,Strikeout,RIGHT,R,Right,2.0,95.0,,SS,105.0,163.0,17,Four-seam FB,FF,,,,,,,,,,,
4018165630204040021,4,Pitch 3 : Strike 2 Foul,1,0,False,0,2026-08-17 22:21:49+00:00,4018165630204,P,3,21,Foul Ball,foul-ball,Top,2,2nd Inning,30,0,2,0,2,"[{'athlete': {'id': '41199'}, 'type': 'pitcher'}, {'athlete': {'id': '41264'}, 'type': 'batter'}]",7.0,,RIGHT,R,Right,3.0,97.0,,F,98.0,139.0,17,Four-seam FB,FF,,,,,,,,,,,
4018165630204050005,5,Pitch 4 : Ball 1,1,0,False,0,2026-08-17 22:22:07+00:00,4018165630204,P,3,5,Ball,ball,Top,2,2nd Inning,30,0,2,1,2,"[{'athlete': {'id': '41199'}, 'type': 'pitcher'}, {'athlete': {'id': '41264'}, 'type': 'batter'}]",7.0,Walk,RIGHT,R,Right,4.0,87.0,,B,132.0,210.0,6,Changeup,CH,,,,,,,,,,,
4018165630204060021,6,Pitch 5 : Strike 2 Foul,1,0,False,0,2026-08-17 22:22:27+00:00,4018165630204,P,3,21,Foul Ball,foul-ball,Top,2,2nd Inning,30,1,2,1,2,"[{'athlete': {'id': '41199'}, 'type': 'pitcher'}, {'athlete': {'id': '41264'}, 'type': 'batter'}]",7.0,,RIGHT,R,Right,5.0,96.0,,F,112.0,168.0,17,Four-seam FB,FF,,,,,,,,,,,
4018165630204070021,7,Pitch 6 : Strike 2 Foul,1,0,False,0,2026-08-17 22:22:46+00:00,4018165630204,P,3,21,Foul Ball,foul-ball,Top,2,2nd Inning,30,1,2,1,2,"[{'athlete': {'id': '41199'}, 'type': 'pitcher'}, {'athlete': {'id': '41264'}, 'type': 'batter'}]",7.0,,RIGHT,R,Right,6.0,87.0,,F,82.0,154.0,6,Changeup,CH,,,,,,,,,,,
4018165630204080005,8,Pitch 7 : Ball 2,1,0,False,0,2026-08-17 22:23:06+00:00,4018165630204,P,3,5,Ball,ball,Top,2,2nd Inning,30,1,2,2,2,"[{'athlete': {'id': '41199'}, 'type': 'pitcher'}, {'athlete': {'id': '41264'}, 'type': 'batter'}]",7.0,Walk,RIGHT,R,Right,7.0,86.0,,B,81.0,152.0,6,Changeup,CH,,,,,,,,,,,
4018165630299990058,2,Middle of the 2nd inning,1,0,False,0,2026-08-17 22:23:28+00:00,4018165630204,,0,58,End Inning,end-inning,Mid,2,2nd Inning,1,0,0,0,0,,,,,,,,,,,,,,,,,,,,,,,,,,
4018165630204090037,9,Pitch 8 : Strike 3 Swinging,1,0,False,0,2026-08-17 22:23:28+00:00,4018165630204,P,3,37,Strike Swinging,strike-swinging,Top,2,2nd Inning,30,2,2,2,3,"[{'athlete': {'id': '41199'}, 'type': 'pitcher'}, {'athlete': {'id': '41264'}, 'type': 'batter'}]",7.0,Strikeout,RIGHT,R,Right,8.0,80.0,,SS,99.0,208.0,4,Curve,CU,,,,,,,,,,,
4018165630204990057,10,Jackson struck out swinging.,1,0,False,0,2026-08-17 22:23:28+00:00,4018165630204,N,3,57,Play Result,play-result,Top,2,2nd Inning,1,2,3,2,3,"[{'athlete': {'id': '41199'}, 'type': 'pitcher'}, {'athlete': {'id': '41264'}, 'type': 'batter'}]",7.0,,RIGHT,R,Right,8.0,,,,99.0,208.0,,,,,,4018165630204090037,37,Strike Swinging,SS,Strikeout,strike-swinging,,,
4018165630204990099,11,,1,0,False,0,2026-08-17 22:23:28+00:00,4018165630204,,3,99,End Batter/Pitcher,end-batterpitcher,Top,2,2nd Inning,1,2,3,2,3,"[{'athlete': {'id': '41199'}, 'type': 'pitcher'}, {'athlete': {'id': '41264'}, 'type': 'batter'}]",7.0,,RIGHT,R,Right,8.0,,,,99.0,208.0,,,,,,,,,,,,,,
4018165630301020021,2,Pitch 1 : Strike 1 Foul,1,0,False,0,2026-08-17 22:25:52+00:00,4018165630301,P,1,21,Foul Ball,foul-ball,Bottom,2,2nd Inning,1,0,0,0,1,"[{'athlete': {'id': '4414339'}, 'type': 'pitcher'}, {'athlete': {'id': '4679983'}, 'type': 'batter'}]",5.0,,LEFT,L,Left,1.0,92.0,G,F,109.0,152.0,17,Four-seam FB,FF,113.0,148.0,,,,,,,,,
4018165630300000059,1,Bottom of the 2nd inning,1,0,False,0,2026-08-17 22:25:52+00:00,4018165630301,I,0,59,Start Inning,start-inning,Bottom,2,2nd Inning,30,0,0,0,0,,,,,,,,,,,,,,,,,,,,,,,,,,
4018165630301010001,1,Brandon Young pitches to Chandler Simpson,1,0,False,0,2026-08-17 22:25:52+00:00,4018165630301,A,1,1,Start Batter/Pitcher,start-batterpitcher,Bottom,2,2nd Inning,30,0,0,0,0,"[{'athlete': {'id': '4414339'}, 'type': 'pitcher'}, {'athlete': {'id': '4679983'}, 'type': 'batter'}]",5.0,Now at bat,LEFT,L,Left,,,,,,,,,,,,,,,,,,,,
4018165630301030021,3,Pitch 2 : Strike 2 Foul,1,0,False,0,2026-08-17 22:26:13+00:00,4018165630301,P,1,21,Foul Ball,foul-ball,Bottom,2,2nd Inning,1,0,1,0,2,"[{'athlete': {'id': '4414339'}, 'type': 'pitcher'}, {'athlete': {'id': '4679983'}, 'type': 'batter'}]",5.0,,LEFT,L,Left,2.0,92.0,G,F,122.0,134.0,17,Four-seam FB,FF,113.0,148.0,,,,,,,,,
4018165630301040005,4,Pitch 3 : Ball 1,1,0,False,0,2026-08-17 22:26:37+00:00,4018165630301,P,1,5,Ball,ball,Bottom,2,2nd Inning,1,0,2,1,2,"[{'athlete': {'id': '4414339'}, 'type': 'pitcher'}, {'athlete': {'id': '4679983'}, 'type': 'batter'}]",5.0,Walk,LEFT,L,Left,3.0,74.0,G,B,72.0,246.0,4,Curve,CU,,,,,,,,,,,
4018165630301050024,5,Pitch 4 : Ball In Play,1,0,False,0,2026-08-17 22:27:05+00:00,4018165630301,P,1,24,Ground Out,ground-out,Bottom,2,2nd Inning,1,1,2,1,2,"[{'athlete': {'id': '4414339'}, 'type': 'pitcher'}, {'athlete': {'id': '4679983'}, 'type': 'batter'}]",5.0,Ground Out,LEFT,L,Left,4.0,94.0,G,GRO,137.0,134.0,17,Four-seam FB,FF,113.0,148.0,,,,,,,,,
4018165630301990057,6,Simpson grounded out to shortstop.,1,0,False,0,2026-08-17 22:27:05+00:00,4018165630301,N,1,57,Play Result,play-result,Bottom,2,2nd Inning,30,1,2,1,2,"[{'athlete': {'id': '4414339'}, 'type': 'pitcher'}, {'athlete': {'id': '4679983'}, 'type': 'batter'}]",5.0,,LEFT,L,Left,4.0,,G,,137.0,134.0,,,,,,4018165630301050024,24,Ground Out,GRO,Ground Out,ground-out,,,
4018165630301990099,7,,1,0,False,0,2026-08-17 22:27:05+00:00,4018165630301,,1,99,End Batter/Pitcher,end-batterpitcher,Bottom,2,2nd Inning,30,1,2,1,2,"[{'athlete': {'id': '4414339'}, 'type': 'pitcher'}, {'athlete': {'id': '4679983'}, 'type': 'batter'}]",5.0,,LEFT,L,Left,4.0,,G,,137.0,134.0,,,,113.0,148.0,,,,,,,,,
4018165630302010001,1,Brandon Young pitches to Ryan Vilade,1,0,False,0,2026-08-17 22:27:29+00:00,4018165630302,A,2,1,Start Batter/Pitcher,start-batterpitcher,Bottom,2,2nd Inning,30,0,0,0,0,"[{'athlete': {'id': '4414339'}, 'type': 'pitcher'}, {'athlete': {'id': '40960'}, 'type': 'batter'}]",6.0,Now at bat,RIGHT,R,Right,,,,,,,,,,,,,,,,,,,,
4018165630302020005,2,Pitch 1 : Ball 1,1,0,False,0,2026-08-17 22:27:29+00:00,4018165630302,P,2,5,Ball,ball,Bottom,2,2nd Inning,1,0,0,1,0,"[{'athlete': {'id': '4414339'}, 'type': 'pitcher'}, {'athlete': {'id': '40960'}, 'type': 'batter'}]",6.0,Walk,RIGHT,R,Right,1.0,93.0,,B,159.0,147.0,2,Sinker,SI,,,,,,,,,,,
4018165630302030037,3,Pitch 2 : Strike 1 Swinging,1,0,False,0,2026-08-17 22:27:44+00:00,4018165630302,P,2,37,Strike Swinging,strike-swinging,Bottom,2,2nd Inning,1,1,0,1,1,"[{'athlete': {'id': '4414339'}, 'type': 'pitcher'}, {'athlete': {'id': '40960'}, 'type': 'batter'}]",6.0,Strikeout,RIGHT,R,Right,2.0,93.0,,SS,102.0,142.0,17,Four-seam FB,FF,,,,,,,,,,,
4018165630302040021,4,Pitch 3 : Strike 2 Foul,1,0,False,0,2026-08-17 22:28:01+00:00,4018165630302,P,2,21,Foul Ball,foul-ball,Bottom,2,2nd Inning,1,1,1,1,2,"[{'athlete': {'id': '4414339'}, 'type': 'pitcher'}, {'athlete': {'id': '40960'}, 'type': 'batter'}]",6.0,,RIGHT,R,Right,3.0,93.0,,F,122.0,141.0,17,Four-seam FB,FF,,,,,,,,,,,
4018165630302050005,5,Pitch 4 : Ball 2,1,0,False,0,2026-08-17 22:28:20+00:00,4018165630302,P,2,5,Ball,ball,Bottom,2,2nd Inning,1,1,2,2,2,"[{'athlete': {'id': '4414339'}, 'type': 'pitcher'}, {'athlete': {'id': '40960'}, 'type': 'batter'}]",6.0,Walk,RIGHT,R,Right,4.0,85.0,,B,72.0,215.0,5,Slider,SL,,,,,,,,,,,
4018165630302060021,6,Pitch 5 : Strike 2 Foul,1,0,False,0,2026-08-17 22:28:37+00:00,4018165630302,P,2,21,Foul Ball,foul-ball,Bottom,2,2nd Inning,1,2,2,2,2,"[{'athlete': {'id': '4414339'}, 'type': 'pitcher'}, {'athlete': {'id': '40960'}, 'type': 'batter'}]",6.0,,RIGHT,R,Right,5.0,94.0,,F,129.0,158.0,17,Four-seam FB,FF,,,,,,,,,,,
4018165630302070021,7,Pitch 6 : Strike 2 Foul,1,0,False,0,2026-08-17 22:28:58+00:00,4018165630302,P,2,21,Foul Ball,foul-ball,Bottom,2,2nd Inning,1,2,2,2,2,"[{'athlete': {'id': '4414339'}, 'type': 'pitcher'}, {'athlete': {'id': '40960'}, 'type': 'batter'}]",6.0,,RIGHT,R,Right,6.0,94.0,,F,121.0,143.0,17,Four-seam FB,FF,,,,,,,,,,,
4018165630302080037,8,Pitch 7 : Strike 3 Swinging,1,0,False,0,2026-08-17 22:29:24+00:00,4018165630302,P,2,37,Strike Swinging,strike-swinging,Bottom,2,2nd Inning,1,2,2,2,3,"[{'athlete': {'id': '4414339'}, 'type': 'pitcher'}, {'athlete': {'id': '40960'}, 'type': 'batter'}]",6.0,Strikeout,RIGHT,R,Right,7.0,75.0,,SS,99.0,205.0,4,Curve,CU,,,,,,,,,,,
4018165630302990057,9,Vilade struck out swinging.,1,0,False,0,2026-08-17 22:29:24+00:00,4018165630302,N,2,57,Play Result,play-result,Bottom,2,2nd Inning,30,2,3,2,3,"[{'athlete': {'id': '4414339'}, 'type': 'pitcher'}, {'athlete': {'id': '40960'}, 'type': 'batter'}]",6.0,,RIGHT,R,Right,7.0,,,,99.0,205.0,,,,,,4018165630302080037,37,Strike Swinging,SS,Strikeout,strike-swinging,,,
4018165630302990099,10,,1,0,False,0,2026-08-17 22:29:24+00:00,4018165630302,,2,99,End Batter/Pitcher,end-batterpitcher,Bottom,2,2nd Inning,30,2,3,2,3,"[{'athlete': {'id': '4414339'}, 'type': 'pitcher'}, {'athlete': {'id': '40960'}, 'type': 'batter'}]",6.0,,RIGHT,R,Right,7.0,,,,99.0,205.0,,,,,,,,,,,,,,
4018165630303010001,1,Brandon Young pitches to Cedric Mullins,1,0,False,0,2026-08-17 22:30:16+00:00,4018165630303,A,2,1,Start Batter/Pitcher,start-batterpitcher,Bottom,2,2nd Inning,30,0,0,0,0,"[{'athlete': {'id': '4414339'}, 'type': 'pitcher'}, {'athlete': {'id': '35578'}, 'type': 'batter'}]",7.0,Now at bat,LEFT,L,Left,,,,,,,,,,,,,,,,,,,,
4018165630303020006,2,Pitch 1 : Ball In Play,1,0,False,0,2026-08-17 22:30:16+00:00,4018165630303,P,2,6,Bunt Single,bunt-single,Bottom,2,2nd Inning,1,0,0,0,0,"[{'athlete': {'id': '4414339'}, 'type': 'pitcher'}, {'athlete': {'id': '35578'}, 'type': 'batter'}]",7.0,Bunt Single,LEFT,L,Left,1.0,94.0,B,B1B,107.0,163.0,17,Four-seam FB,FF,116.0,186.0,,,,,,,,,
4018165630303990057,3,"Mullins reached on bunt single to third, Mullins safe at second on throwing error by third baseman Encarnacion-Strand.",1,0,False,0,2026-08-17 22:30:16+00:00,4018165630303,N,2,57,Play Result,play-result,Bottom,2,2nd Inning,30,0,0,0,0,"[{'athlete': {'id': '4414339'}, 'type': 'pitcher'}, {'athlete': {'id': '35578'}, 'type': 'batter'}, {'athlete': {'id': '35578'}, 'type': 'onSecond'}]",7.0,,LEFT,L,Left,1.0,,B,,107.0,163.0,,,,116.0,186.0,4018165630303020006,6,Bunt Single,B1B,Bunt Single,bunt-single,,35578,
4018165630303990099,4,,1,0,False,0,2026-08-17 22:30:16+00:00,4018165630303,,2,99,End Batter/Pitcher,end-batterpitcher,Bottom,2,2nd Inning,30,0,0,0,0,"[{'athlete': {'id': '4414339'}, 'type': 'pitcher'}, {'athlete': {'id': '35578'}, 'type': 'batter'}, {'athlete': {'id': '35578'}, 'type': 'onSecond'}]",7.0,,LEFT,L,Left,1.0,,B,,107.0,163.0,,,,116.0,186.0,,,,,,,,35578,
4018165630304990099,4,,1,0,False,0,2026-08-17 22:30:53+00:00,4018165630304,,3,99,End Batter/Pitcher,end-batterpitcher,Bottom,2,2nd Inning,30,0,0,0,0,"[{'athlete': {'id': '4414339'}, 'type': 'pitcher'}, {'athlete': {'id': '41359'}, 'type': 'batter'}, {'athlete': {'id': '35578'}, 'type': 'onSecond'}]",8.0,,LEFT,L,Left,1.0,,F,,117.0,144.0,,,,148.0,76.0,,,,,,,,35578,
4018165630304990057,3,Palacios flied out to center.,1,0,False,0,2026-08-17 22:30:53+00:00,4018165630304,N,3,57,Play Result,play-result,Bottom,2,2nd Inning,30,0,0,0,0,"[{'athlete': {'id': '4414339'}, 'type': 'pitcher'}, {'athlete': {'id': '41359'}, 'type': 'batter'}, {'athlete': {'id': '35578'}, 'type': 'onSecond'}]",8.0,,LEFT,L,Left,1.0,,F,,117.0,144.0,,,,,,4018165630304020022,22,Fly Out,FLY,Fly Out,fly-out,,35578,
4018165630399990058,2,End of the 2nd inning,1,0,False,0,2026-08-17 22:30:53+00:00,4018165630304,,0,58,End Inning,end-inning,End,2,2nd Inning,30,0,0,0,0,,,,,,,,,,,,,,,,,,,,,,,,,,
4018165630304010001,1,Brandon Young pitches to Richie Palacios,1,0,False,0,2026-08-17 22:30:53+00:00,4018165630304,A,3,1,Start Batter/Pitcher,start-batterpitcher,Bottom,2,2nd Inning,30,0,0,0,0,"[{'athlete': {'id': '4414339'}, 'type': 'pitcher'}, {'athlete': {'id': '41359'}, 'type': 'batter'}, {'athlete': {'id': '35578'}, 'type': 'onSecond'}]",8.0,Now at bat,LEFT,L,Left,,,,,,,,,,,,,,,,,,,35578,
4018165630304020022,2,Pitch 1 : Ball In Play,1,0,False,0,2026-08-17 22:30:53+00:00,4018165630304,P,3,22,Fly Out,fly-out,Bottom,2,2nd Inning,1,0,0,0,0,"[{'athlete': {'id': '4414339'}, 'type': 'pitcher'}, {'athlete': {'id': '41359'}, 'type': 'batter'}, {'athlete': {'id': '35578'}, 'type': 'onSecond'}]",8.0,Fly Out,LEFT,L,Left,1.0,93.0,F,FLY,117.0,144.0,17,Four-seam FB,FF,148.0,76.0,,,,,,,,35578,
4018165630401030037,3,Pitch 2 : Strike 2 Swinging,1,0,False,0,2026-08-17 22:33:33+00:00,4018165630401,P,1,37,Strike Swinging,strike-swinging,Top,3,3rd Inning,30,0,1,0,2,"[{'athlete': {'id': '41199'}, 'type': 'pitcher'}, {'athlete': {'id': '5012120'}, 'type': 'batter'}]",8.0,Strikeout,RIGHT,R,Right,2.0,94.0,F,SS,133.0,179.0,17,Four-seam FB,FF,,,,,,,,,,,
4018165630401020036,2,Pitch 1 : Strike 1 Looking,1,0,False,0,2026-08-17 22:33:33+00:00,4018165630401,P,1,36,Strike Looking,strike-looking,Top,3,3rd Inning,30,0,0,0,1,"[{'athlete': {'id': '41199'}, 'type': 'pitcher'}, {'athlete': {'id': '5012120'}, 'type': 'batter'}]",8.0,Strikeout,RIGHT,R,Right,1.0,95.0,F,SL,129.0,180.0,17,Four-seam FB,FF,,,,,,,,,,,
4018165630401010001,1,Shane McClanahan pitches to Carlos Narvaez,1,0,False,0,2026-08-17 22:33:33+00:00,4018165630401,A,1,1,Start Batter/Pitcher,start-batterpitcher,Top,3,3rd Inning,1,0,0,0,0,"[{'athlete': {'id': '41199'}, 'type': 'pitcher'}, {'athlete': {'id': '5012120'}, 'type': 'batter'}]",8.0,Now at bat,RIGHT,R,Right,,,,,,,,,,,,,,,,,,,,
4018165630400000059,1,Top of the 3rd inning,1,0,False,0,2026-08-17 22:33:33+00:00,4018165630401,I,0,59,Start Inning,start-inning,Top,3,3rd Inning,1,0,0,0,0,,,,,,,,,,,,,,,,,,,,,,,,,,
4018165630401040022,4,Pitch 3 : Ball In Play,1,0,False,0,2026-08-17 22:34:03+00:00,4018165630401,P,1,22,Fly Out,fly-out,Top,3,3rd Inning,30,0,2,0,2,"[{'athlete': {'id': '41199'}, 'type': 'pitcher'}, {'athlete': {'id': '5012120'}, 'type': 'batter'}]",8.0,Fly Out,RIGHT,R,Right,3.0,95.0,F,FLY,128.0,148.0,17,Four-seam FB,FF,70.0,97.0,,,,,,,,,
4018165630401990057,5,Narváez flied out to left.,1,0,False,0,2026-08-17 22:34:03+00:00,4018165630401,N,1,57,Play Result,play-result,Top,3,3rd Inning,1,0,2,0,2,"[{'athlete': {'id': '41199'}, 'type': 'pitcher'}, {'athlete': {'id': '5012120'}, 'type': 'batter'}]",8.0,,RIGHT,R,Right,3.0,,F,,128.0,148.0,,,,,,4018165630401040022,22,Fly Out,FLY,Fly Out,fly-out,,,
4018165630401990099,6,,1,0,False,0,2026-08-17 22:34:03+00:00,4018165630401,,1,99,End Batter/Pitcher,end-batterpitcher,Top,3,3rd Inning,1,0,2,0,2,"[{'athlete': {'id': '41199'}, 'type': 'pitcher'}, {'athlete': {'id': '5012120'}, 'type': 'batter'}]",8.0,,RIGHT,R,Right,3.0,,F,,128.0,148.0,,,,70.0,97.0,,,,,,,,,
4018165630402010001,1,Shane McClanahan pitches to Christian Franklin,1,0,False,0,2026-08-17 22:34:26+00:00,4018165630402,A,1,1,Start Batter/Pitcher,start-batterpitcher,Top,3,3rd Inning,1,0,0,0,0,"[{'athlete': {'id': '41199'}, 'type': 'pitcher'}, {'athlete': {'id': '4414623'}, 'type': 'batter'}]",9.0,Now at bat,RIGHT,R,Right,,,,,,,,,,,,,,,,,,,,
4018165630402020005,2,Pitch 1 : Ball 1,1,0,False,0,2026-08-17 22:34:26+00:00,4018165630402,P,1,5,Ball,ball,Top,3,3rd Inning,30,0,0,1,0,"[{'athlete': {'id': '41199'}, 'type': 'pitcher'}, {'athlete': {'id': '4414623'}, 'type': 'batter'}]",9.0,Walk,RIGHT,R,Right,1.0,94.0,G,B,137.0,203.0,17,Four-seam FB,FF,,,,,,,,,,,
4018165630402030021,3,Pitch 2 : Strike 1 Foul,1,0,False,0,2026-08-17 22:34:41+00:00,4018165630402,P,1,21,Foul Ball,foul-ball,Top,3,3rd Inning,30,1,0,1,1,"[{'athlete': {'id': '41199'}, 'type': 'pitcher'}, {'athlete': {'id': '4414623'}, 'type': 'batter'}]",9.0,,RIGHT,R,Right,2.0,94.0,G,F,114.0,171.0,17,Four-seam FB,FF,115.0,141.0,,,,,,,,,
4018165630402040005,4,Pitch 3 : Ball 2,1,0,False,0,2026-08-17 22:35:04+00:00,4018165630402,P,1,5,Ball,ball,Top,3,3rd Inning,30,1,1,2,1,"[{'athlete': {'id': '41199'}, 'type': 'pitcher'}, {'athlete': {'id': '4414623'}, 'type': 'batter'}]",9.0,Walk,RIGHT,R,Right,3.0,87.0,G,B,125.0,217.0,5,Slider,SL,,,,,,,,,,,
4018165630402050005,5,Pitch 4 : Ball 3,1,0,False,0,2026-08-17 22:35:21+00:00,4018165630402,P,1,5,Ball,ball,Top,3,3rd Inning,30,2,1,3,1,"[{'athlete': {'id': '41199'}, 'type': 'pitcher'}, {'athlete': {'id': '4414623'}, 'type': 'batter'}]",9.0,Walk,RIGHT,R,Right,4.0,94.0,G,B,127.0,214.0,17,Four-seam FB,FF,,,,,,,,,,,
4018165630402060036,6,Pitch 5 : Strike 2 Looking,1,0,False,0,2026-08-17 22:35:49+00:00,4018165630402,P,1,36,Strike Looking,strike-looking,Top,3,3rd Inning,30,3,1,3,2,"[{'athlete': {'id': '41199'}, 'type': 'pitcher'}, {'athlete': {'id': '4414623'}, 'type': 'batter'}]",9.0,Strikeout,RIGHT,R,Right,5.0,95.0,G,SL,106.0,157.0,17,Four-seam FB,FF,,,,,,,,,,,
4018165630402990057,8,Franklin reached on infield single to shortstop.,1,0,False,0,2026-08-17 22:36:14+00:00,4018165630402,N,1,57,Play Result,play-result,Top,3,3rd Inning,1,3,2,3,2,"[{'athlete': {'id': '41199'}, 'type': 'pitcher'}, {'athlete': {'id': '4414623'}, 'type': 'batter'}, {'athlete': {'id': '4414623'}, 'type': 'onFirst'}]",9.0,,RIGHT,R,Right,6.0,,G,,114.0,186.0,,,,115.0,141.0,4018165630402070002,2,Single,1B,Single,single,4414623,,
4018165630402990099,9,,1,0,False,0,2026-08-17 22:36:14+00:00,4018165630402,,1,99,End Batter/Pitcher,end-batterpitcher,Top,3,3rd Inning,1,3,2,3,2,"[{'athlete': {'id': '41199'}, 'type': 'pitcher'}, {'athlete': {'id': '4414623'}, 'type': 'batter'}, {'athlete': {'id': '4414623'}, 'type': 'onFirst'}]",9.0,,RIGHT,R,Right,6.0,,G,,114.0,186.0,,,,115.0,141.0,,,,,,,4414623,,
4018165630402070002,7,Pitch 6 : Ball In Play,1,0,False,0,2026-08-17 22:36:14+00:00,4018165630402,P,1,2,Single,single,Top,3,3rd Inning,30,3,2,3,2,"[{'athlete': {'id': '41199'}, 'type': 'pitcher'}, {'athlete': {'id': '4414623'}, 'type': 'batter'}]",9.0,Single,RIGHT,R,Right,6.0,95.0,G,1B,114.0,186.0,17,Four-seam FB,FF,115.0,141.0,,,,,,,,,
4018165630403010001,1,Shane McClanahan pitches to Tyler O'Neill,1,0,False,0,2026-08-17 22:36:51+00:00,4018165630403,A,2,1,Start Batter/Pitcher,start-batterpitcher,Top,3,3rd Inning,1,0,0,0,0,"[{'athlete': {'id': '41199'}, 'type': 'pitcher'}, {'athlete': {'id': '34168'}, 'type': 'batter'}, {'athlete': {'id': '4414623'}, 'type': 'onFirst'}]",1.0,Now at bat,RIGHT,R,Right,,,,,,,,,,,,,,,,,,4414623,,
4018165630403020036,2,Pitch 1 : Strike 1 Looking,1,0,False,0,2026-08-17 22:36:51+00:00,4018165630403,P,2,36,Strike Looking,strike-looking,Top,3,3rd Inning,30,0,0,0,1,"[{'athlete': {'id': '41199'}, 'type': 'pitcher'}, {'athlete': {'id': '34168'}, 'type': 'batter'}, {'athlete': {'id': '4414623'}, 'type': 'onFirst'}]",1.0,Strikeout,RIGHT,R,Right,1.0,81.0,,SL,90.0,164.0,4,Curve,CU,,,,,,,,,4414623,,
4018165630403020252,3,Franklin stole second.,1,0,False,0,2026-08-17 22:36:51+00:00,4018165630403,,0,52,Stolen Base,stolen-base,Top,3,3rd Inning,1,0,0,0,0,"[{'athlete': {'id': '41199'}, 'type': 'pitcher'}, {'athlete': {'id': '4414623'}, 'type': 'onSecond'}]",,Stolen Base,,,,1.0,,,SB,,,,,,,,,,,,,,,4414623,
4018165630403020298,4,Franklin stole second.,1,0,False,0,2026-08-17 22:36:51+00:00,4018165630403,N,0,57,Play Result,play-result,Top,3,3rd Inning,1,0,0,0,0,"[{'athlete': {'id': '41199'}, 'type': 'pitcher'}, {'athlete': {'id': '4414623'}, 'type': 'onSecond'}]",,,,,,1.0,,,,,,,,,,,4018165630403020252,52,Stolen Base,SB,Stolen Base,stolen-base,,4414623,
4018165630403030037,5,Pitch 2 : Strike 2 Swinging,1,0,False,0,2026-08-17 22:37:10+00:00,4018165630403,P,2,37,Strike Swinging,strike-swinging,Top,3,3rd Inning,30,0,1,0,2,"[{'athlete': {'id': '41199'}, 'type': 'pitcher'}, {'athlete': {'id': '34168'}, 'type': 'batter'}, {'athlete': {'id': '4414623'}, 'type': 'onSecond'}]",1.0,Strikeout,RIGHT,R,Right,2.0,86.0,,SS,83.0,170.0,6,Changeup,CH,,,,,,,,,,4414623,
4018165630403040036,6,Pitch 3 : Strike 3 Looking,1,0,False,0,2026-08-17 22:37:32+00:00,4018165630403,P,2,36,Strike Looking,strike-looking,Top,3,3rd Inning,30,0,2,0,3,"[{'athlete': {'id': '41199'}, 'type': 'pitcher'}, {'athlete': {'id': '34168'}, 'type': 'batter'}, {'athlete': {'id': '4414623'}, 'type': 'onSecond'}]",1.0,Strikeout,RIGHT,R,Right,3.0,87.0,,SL,130.0,164.0,5,Slider,SL,,,,,,,,,,4414623,
4018165630403990057,7,O'Neill struck out looking.,1,0,False,0,2026-08-17 22:37:32+00:00,4018165630403,N,2,57,Play Result,play-result,Top,3,3rd Inning,1,0,3,0,3,"[{'athlete': {'id': '41199'}, 'type': 'pitcher'}, {'athlete': {'id': '34168'}, 'type': 'batter'}, {'athlete': {'id': '4414623'}, 'type': 'onSecond'}]",1.0,,RIGHT,R,Right,3.0,,,,130.0,164.0,,,,,,4018165630403040036,36,Strike Looking,SL,Strikeout,strike-looking,,4414623,
4018165630403990099,8,,1,0,False,0,2026-08-17 22:37:32+00:00,4018165630403,,2,99,End Batter/Pitcher,end-batterpitcher,Top,3,3rd Inning,1,0,3,0,3,"[{'athlete': {'id': '41199'}, 'type': 'pitcher'}, {'athlete': {'id': '34168'}, 'type': 'batter'}, {'athlete': {'id': '4414623'}, 'type': 'onSecond'}]",1.0,,RIGHT,R,Right,3.0,,,,130.0,164.0,,,,,,,,,,,,,4414623,
4018165630404010001,1,Shane McClanahan pitches to Pete Alonso,1,0,False,0,2026-08-17 22:37:53+00:00,4018165630404,A,3,1,Start Batter/Pitcher,start-batterpitcher,Top,3,3rd Inning,1,0,0,0,0,"[{'athlete': {'id': '41199'}, 'type': 'pitcher'}, {'athlete': {'id': '37498'}, 'type': 'batter'}, {'athlete': {'id': '4414623'}, 'type': 'onSecond'}]",2.0,Now at bat,RIGHT,R,Right,,,,,,,,,,,,,,,,,,,4414623,
4018165630404020005,2,Pitch 1 : Ball 1,1,0,False,0,2026-08-17 22:37:53+00:00,4018165630404,P,3,5,Ball,ball,Top,3,3rd Inning,30,0,0,1,0,"[{'athlete': {'id': '41199'}, 'type': 'pitcher'}, {'athlete': {'id': '37498'}, 'type': 'batter'}, {'athlete': {'id': '4414623'}, 'type': 'onSecond'}]",2.0,Walk,RIGHT,R,Right,1.0,81.0,F,B,87.0,144.0,4,Curve,CU,,,,,,,,,,4414623,
4018165630404030005,3,Pitch 2 : Ball 2,1,0,False,0,2026-08-17 22:38:10+00:00,4018165630404,P,3,5,Ball,ball,Top,3,3rd Inning,30,1,0,2,0,"[{'athlete': {'id': '41199'}, 'type': 'pitcher'}, {'athlete': {'id': '37498'}, 'type': 'batter'}, {'athlete': {'id': '4414623'}, 'type': 'onSecond'}]",2.0,Walk,RIGHT,R,Right,2.0,84.0,F,B,134.0,209.0,6,Changeup,CH,,,,,,,,,,4414623,
4018165630404040005,4,Pitch 3 : Ball 3,1,0,False,0,2026-08-17 22:38:29+00:00,4018165630404,P,3,5,Ball,ball,Top,3,3rd Inning,30,2,0,3,0,"[{'athlete': {'id': '41199'}, 'type': 'pitcher'}, {'athlete': {'id': '37498'}, 'type': 'batter'}, {'athlete': {'id': '4414623'}, 'type': 'onSecond'}]",2.0,Walk,RIGHT,R,Right,3.0,85.0,F,B,147.0,224.0,6,Changeup,CH,,,,,,,,,,4414623,
4018165630499990058,2,Middle of the 3rd inning,1,0,False,0,2026-08-17 22:39:04+00:00,4018165630404,,0,58,End Inning,end-inning,Mid,3,3rd Inning,1,0,0,0,0,,,,,,,,,,,,,,,,,,,,,,,,,,
4018165630404990099,7,,1,0,False,0,2026-08-17 22:39:04+00:00,4018165630404,,3,99,End Batter/Pitcher,end-batterpitcher,Top,3,3rd Inning,1,3,0,3,0,"[{'athlete': {'id': '41199'}, 'type': 'pitcher'}, {'athlete': {'id': '37498'}, 'type': 'batter'}, {'athlete': {'id': '4414623'}, 'type': 'onSecond'}]",2.0,,RIGHT,R,Right,4.0,,F,,99.0,180.0,,,,64.0,73.0,,,,,,,,4414623,
4018165630404990057,6,Alonso flied out to left.,1,0,False,0,2026-08-17 22:39:04+00:00,4018165630404,N,3,57,Play Result,play-result,Top,3,3rd Inning,1,3,0,3,0,"[{'athlete': {'id': '41199'}, 'type': 'pitcher'}, {'athlete': {'id': '37498'}, 'type': 'batter'}, {'athlete': {'id': '4414623'}, 'type': 'onSecond'}]",2.0,,RIGHT,R,Right,4.0,,F,,99.0,180.0,,,,,,4018165630404050022,22,Fly Out,FLY,Fly Out,fly-out,,4414623,
4018165630404050022,5,Pitch 4 : Ball In Play,1,0,False,0,2026-08-17 22:39:04+00:00,4018165630404,P,3,22,Fly Out,fly-out,Top,3,3rd Inning,30,3,0,3,0,"[{'athlete': {'id': '41199'}, 'type': 'pitcher'}, {'athlete': {'id': '37498'}, 'type': 'batter'}, {'athlete': {'id': '4414623'}, 'type': 'onSecond'}]",2.0,Fly Out,RIGHT,R,Right,4.0,85.0,F,FLY,99.0,180.0,6,Changeup,CH,64.0,73.0,,,,,,,,4414623,
4018165630500000059,1,Bottom of the 3rd inning,1,0,False,0,2026-08-17 22:41:12+00:00,4018165630501,I,0,59,Start Inning,start-inning,Bottom,3,3rd Inning,30,0,0,0,0,,,,,,,,,,,,,,,,,,,,,,,,,,
4018165630501010001,1,Brandon Young pitches to Jorge Mateo,1,0,False,0,2026-08-17 22:41:12+00:00,4018165630501,A,1,1,Start Batter/Pitcher,start-batterpitcher,Bottom,3,3rd Inning,30,0,0,0,0,"[{'athlete': {'id': '4414339'}, 'type': 'pitcher'}, {'athlete': {'id': '33832'}, 'type': 'batter'}]",9.0,Now at bat,RIGHT,R,Right,,,,,,,,,,,,,,,,,,,,
4018165630501020013,2,Pitch 1 : Strike 1 Bunted Foul,1,0,False,0,2026-08-17 22:41:12+00:00,4018165630501,P,1,13,Bunted Foul,bunted-foul,Bottom,3,3rd Inning,1,0,0,0,1,"[{'athlete': {'id': '4414339'}, 'type': 'pitcher'}, {'athlete': {'id': '33832'}, 'type': 'batter'}]",9.0,Out,RIGHT,R,Right,1.0,90.0,G,BF,123.0,138.0,17,Four-seam FB,FF,128.0,187.0,,,,,,,,,
4018165630501030005,3,Pitch 2 : Ball 1,1,0,False,0,2026-08-17 22:41:32+00:00,4018165630501,P,1,5,Ball,ball,Bottom,3,3rd Inning,1,0,1,1,1,"[{'athlete': {'id': '4414339'}, 'type': 'pitcher'}, {'athlete': {'id': '33832'}, 'type': 'batter'}]",9.0,Walk,RIGHT,R,Right,2.0,91.0,G,B,76.0,174.0,17,Four-seam FB,FF,,,,,,,,,,,
4018165630501040037,4,Pitch 3 : Strike 2 Swinging,1,0,False,0,2026-08-17 22:41:48+00:00,4018165630501,P,1,37,Strike Swinging,strike-swinging,Bottom,3,3rd Inning,1,1,1,1,2,"[{'athlete': {'id': '4414339'}, 'type': 'pitcher'}, {'athlete': {'id': '33832'}, 'type': 'batter'}]",9.0,Strikeout,RIGHT,R,Right,3.0,92.0,G,SS,122.0,141.0,17,Four-seam FB,FF,,,,,,,,,,,
4018165630501050021,5,Pitch 4 : Strike 2 Foul,1,0,False,0,2026-08-17 22:42:04+00:00,4018165630501,P,1,21,Foul Ball,foul-ball,Bottom,3,3rd Inning,1,1,2,1,2,"[{'athlete': {'id': '4414339'}, 'type': 'pitcher'}, {'athlete': {'id': '33832'}, 'type': 'batter'}]",9.0,,RIGHT,R,Right,4.0,93.0,G,F,129.0,155.0,17,Four-seam FB,FF,128.0,187.0,,,,,,,,,
4018165630501060021,6,Pitch 5 : Strike 2 Foul,1,0,False,0,2026-08-17 22:42:24+00:00,4018165630501,P,1,21,Foul Ball,foul-ball,Bottom,3,3rd Inning,1,1,2,1,2,"[{'athlete': {'id': '4414339'}, 'type': 'pitcher'}, {'athlete': {'id': '33832'}, 'type': 'batter'}]",9.0,,RIGHT,R,Right,5.0,93.0,G,F,84.0,147.0,17,Four-seam FB,FF,128.0,187.0,,,,,,,,,
4018165630501070005,7,Pitch 6 : Ball 2,1,0,False,0,2026-08-17 22:42:41+00:00,4018165630501,P,1,5,Ball,ball,Bottom,3,3rd Inning,1,1,2,2,2,"[{'athlete': {'id': '4414339'}, 'type': 'pitcher'}, {'athlete': {'id': '33832'}, 'type': 'batter'}]",9.0,Walk,RIGHT,R,Right,6.0,84.0,G,B,62.0,226.0,5,Slider,SL,,,,,,,,,,,
4018165630501080021,8,Pitch 7 : Strike 2 Foul,1,0,False,0,2026-08-17 22:42:59+00:00,4018165630501,P,1,21,Foul Ball,foul-ball,Bottom,3,3rd Inning,1,2,2,2,2,"[{'athlete': {'id': '4414339'}, 'type': 'pitcher'}, {'athlete': {'id': '33832'}, 'type': 'batter'}]",9.0,,RIGHT,R,Right,7.0,94.0,G,F,89.0,140.0,17,Four-seam FB,FF,128.0,187.0,,,,,,,,,
4018165630501990057,10,Mateo grounded out to pitcher.,1,0,False,0,2026-08-17 22:43:32+00:00,4018165630501,N,1,57,Play Result,play-result,Bottom,3,3rd Inning,30,2,2,2,2,"[{'athlete': {'id': '4414339'}, 'type': 'pitcher'}, {'athlete': {'id': '33832'}, 'type': 'batter'}]",9.0,,RIGHT,R,Right,8.0,,G,,77.0,189.0,,,,,,4018165630501090024,24,Ground Out,GRO,Ground Out,ground-out,,,
4018165630501990099,11,,1,0,False,0,2026-08-17 22:43:32+00:00,4018165630501,,1,99,End Batter/Pitcher,end-batterpitcher,Bottom,3,3rd Inning,30,2,2,2,2,"[{'athlete': {'id': '4414339'}, 'type': 'pitcher'}, {'athlete': {'id': '33832'}, 'type': 'batter'}]",9.0,,RIGHT,R,Right,8.0,,G,,77.0,189.0,,,,128.0,187.0,,,,,,,,,
4018165630501090024,9,Pitch 8 : Ball In Play,1,0,False,0,2026-08-17 22:43:32+00:00,4018165630501,P,1,24,Ground Out,ground-out,Bottom,3,3rd Inning,1,2,2,2,2,"[{'athlete': {'id': '4414339'}, 'type': 'pitcher'}, {'athlete': {'id': '33832'}, 'type': 'batter'}]",9.0,Ground Out,RIGHT,R,Right,8.0,75.0,G,GRO,77.0,189.0,4,Curve,CU,128.0,187.0,,,,,,,,,
4018165630502010001,1,Brandon Young pitches to Yandy Diaz,1,1,False,0,2026-08-17 22:44:07+00:00,4018165630502,A,1,1,Start Batter/Pitcher,start-batterpitcher,Bottom,3,3rd Inning,30,0,0,0,0,"[{'athlete': {'id': '4414339'}, 'type': 'pitcher'}, {'athlete': {'id': '33481'}, 'type': 'batter'}]",1.0,Now at bat,RIGHT,R,Right,,,,,,,,,,,,,,,,,,,,
4018165630502020021,2,Pitch 1 : Strike 1 Foul,1,0,False,0,2026-08-17 22:44:07+00:00,4018165630502,P,1,21,Foul Ball,foul-ball,Bottom,3,3rd Inning,1,0,0,0,1,"[{'athlete': {'id': '4414339'}, 'type': 'pitcher'}, {'athlete': {'id': '33481'}, 'type': 'batter'}]",1.0,,RIGHT,R,Right,1.0,93.0,F,F,122.0,122.0,2,Sinker,SI,204.0,58.0,,,,,,,,,
4018165630502030005,3,Pitch 2 : Ball 1,1,0,False,0,2026-08-17 22:44:18+00:00,4018165630502,P,1,5,Ball,ball,Bottom,3,3rd Inning,1,0,1,1,1,"[{'athlete': {'id': '4414339'}, 'type': 'pitcher'}, {'athlete': {'id': '33481'}, 'type': 'batter'}]",1.0,Walk,RIGHT,R,Right,2.0,74.0,F,B,76.0,231.0,4,Curve,CU,,,,,,,,,,,
4018165630502040021,4,Pitch 3 : Strike 2 Foul,1,0,False,0,2026-08-17 22:44:37+00:00,4018165630502,P,1,21,Foul Ball,foul-ball,Bottom,3,3rd Inning,1,1,1,1,2,"[{'athlete': {'id': '4414339'}, 'type': 'pitcher'}, {'athlete': {'id': '33481'}, 'type': 'batter'}]",1.0,,RIGHT,R,Right,3.0,94.0,F,F,158.0,152.0,2,Sinker,SI,204.0,58.0,,,,,,,,,
4018165630502050005,5,Pitch 4 : Ball 2,1,0,False,0,2026-08-17 22:45:01+00:00,4018165630502,P,1,5,Ball,ball,Bottom,3,3rd Inning,1,1,2,2,2,"[{'athlete': {'id': '4414339'}, 'type': 'pitcher'}, {'athlete': {'id': '33481'}, 'type': 'batter'}]",1.0,Walk,RIGHT,R,Right,4.0,94.0,F,B,99.0,121.0,17,Four-seam FB,FF,,,,,,,,,,,
4018165630502060021,6,Pitch 5 : Strike 2 Foul,1,0,False,0,2026-08-17 22:45:19+00:00,4018165630502,P,1,21,Foul Ball,foul-ball,Bottom,3,3rd Inning,1,2,2,2,2,"[{'athlete': {'id': '4414339'}, 'type': 'pitcher'}, {'athlete': {'id': '33481'}, 'type': 'batter'}]",1.0,,RIGHT,R,Right,5.0,93.0,F,F,135.0,141.0,2,Sinker,SI,204.0,58.0,,,,,,,,,
4018165630502070028,7,Pitch 6 : Ball In Play,1,1,False,0,2026-08-17 22:46:16+00:00,4018165630502,P,1,28,Home Run,home-run,Bottom,3,3rd Inning,1,2,2,2,2,"[{'athlete': {'id': '4414339'}, 'type': 'pitcher'}, {'athlete': {'id': '33481'}, 'type': 'batter'}]",1.0,Home Run,RIGHT,R,Right,6.0,94.0,F,HR,106.0,170.0,17,Four-seam FB,FF,204.0,58.0,,,,,,,,,
4018165630502990057,8,Díaz homered to right center (396 feet).,1,1,True,1,2026-08-17 22:46:16+00:00,4018165630502,S,1,57,Play Result,play-result,Bottom,3,3rd Inning,30,2,2,2,2,"[{'athlete': {'id': '4414339'}, 'type': 'pitcher'}, {'athlete': {'id': '33481'}, 'type': 'batter'}]",1.0,,RIGHT,R,Right,6.0,,F,,106.0,170.0,,,,204.0,58.0,4018165630502070028,28,Home Run,HR,Home Run,home-run,,,
4018165630502990099,9,,1,1,False,0,2026-08-17 22:46:16+00:00,4018165630502,,1,99,End Batter/Pitcher,end-batterpitcher,Bottom,3,3rd Inning,30,2,2,2,2,"[{'athlete': {'id': '4414339'}, 'type': 'pitcher'}, {'athlete': {'id': '33481'}, 'type': 'batter'}]",1.0,,RIGHT,R,Right,6.0,,F,,106.0,170.0,,,,204.0,58.0,,,,,,,,,
4018165630503010001,1,Brandon Young pitches to Jonathan Aranda,1,1,False,0,2026-08-17 22:46:42+00:00,4018165630503,A,1,1,Start Batter/Pitcher,start-batterpitcher,Bottom,3,3rd Inning,30,0,0,0,0,"[{'athlete': {'id': '4414339'}, 'type': 'pitcher'}, {'athlete': {'id': '40810'}, 'type': 'batter'}]",2.0,Now at bat,LEFT,L,Left,,,,,,,,,,,,,,,,,,,,
4018165630503020036,2,Pitch 1 : Strike 1 Looking,1,1,False,0,2026-08-17 22:46:42+00:00,4018165630503,P,1,36,Strike Looking,strike-looking,Bottom,3,3rd Inning,1,0,0,0,1,"[{'athlete': {'id': '4414339'}, 'type': 'pitcher'}, {'athlete': {'id': '40810'}, 'type': 'batter'}]",2.0,Strikeout,LEFT,L,Left,1.0,92.0,F,SL,146.0,163.0,17,Four-seam FB,FF,,,,,,,,,,,
4018165630503030005,3,Pitch 2 : Ball 1,1,1,False,0,2026-08-17 22:46:58+00:00,4018165630503,P,1,5,Ball,ball,Bottom,3,3rd Inning,1,0,1,1,1,"[{'athlete': {'id': '4414339'}, 'type': 'pitcher'}, {'athlete': {'id': '40810'}, 'type': 'batter'}]",2.0,Walk,LEFT,L,Left,2.0,83.0,F,B,166.0,184.0,8,Splitter,FS,,,,,,,,,,,
4018165630503040037,4,Pitch 3 : Strike 2 Swinging,1,1,False,0,2026-08-17 22:47:19+00:00,4018165630503,P,1,37,Strike Swinging,strike-swinging,Bottom,3,3rd Inning,1,1,1,1,2,"[{'athlete': {'id': '4414339'}, 'type': 'pitcher'}, {'athlete': {'id': '40810'}, 'type': 'batter'}]",2.0,Strikeout,LEFT,L,Left,3.0,93.0,F,SS,150.0,156.0,17,Four-seam FB,FF,,,,,,,,,,,
4018165630503050005,5,Pitch 4 : Ball 2,1,1,False,0,2026-08-17 22:47:35+00:00,4018165630503,P,1,5,Ball,ball,Bottom,3,3rd Inning,1,1,2,2,2,"[{'athlete': {'id': '4414339'}, 'type': 'pitcher'}, {'athlete': {'id': '40810'}, 'type': 'batter'}]",2.0,Walk,LEFT,L,Left,4.0,93.0,F,B,116.0,124.0,17,Four-seam FB,FF,,,,,,,,,,,
4018165630503060005,6,Pitch 5 : Ball 3,1,1,False,0,2026-08-17 22:47:53+00:00,4018165630503,P,1,5,Ball,ball,Bottom,3,3rd Inning,1,2,2,3,2,"[{'athlete': {'id': '4414339'}, 'type': 'pitcher'}, {'athlete': {'id': '40810'}, 'type': 'batter'}]",2.0,Walk,LEFT,L,Left,5.0,93.0,F,B,154.0,133.0,17,Four-seam FB,FF,,,,,,,,,,,
4018165630503070003,7,Pitch 6 : Ball In Play,1,1,False,0,2026-08-17 22:48:33+00:00,4018165630503,P,1,3,Double,double,Bottom,3,3rd Inning,1,3,2,3,2,"[{'athlete': {'id': '4414339'}, 'type': 'pitcher'}, {'athlete': {'id': '40810'}, 'type': 'batter'}]",2.0,Double,LEFT,L,Left,6.0,94.0,F,2B,105.0,173.0,17,Four-seam FB,FF,176.0,47.0,,,,,,,,,
4018165630503990057,8,Aranda doubled to right.,1,1,False,0,2026-08-17 22:48:33+00:00,4018165630503,N,1,57,Play Result,play-result,Bottom,3,3rd Inning,30,3,2,3,2,"[{'athlete': {'id': '4414339'}, 'type': 'pitcher'}, {'athlete': {'id': '40810'}, 'type': 'batter'}, {'athlete': {'id': '40810'}, 'type': 'onSecond'}]",2.0,,LEFT,L,Left,6.0,,F,,105.0,173.0,,,,176.0,47.0,4018165630503070003,3,Double,2B,Double,double,,40810,
4018165630503990099,9,,1,1,False,0,2026-08-17 22:48:33+00:00,4018165630503,,1,99,End Batter/Pitcher,end-batterpitcher,Bottom,3,3rd Inning,30,3,2,3,2,"[{'athlete': {'id': '4414339'}, 'type': 'pitcher'}, {'athlete': {'id': '40810'}, 'type': 'batter'}, {'athlete': {'id': '40810'}, 'type': 'onSecond'}]",2.0,,LEFT,L,Left,6.0,,F,,105.0,173.0,,,,176.0,47.0,,,,,,,,40810,
4018165630504010001,1,Brandon Young pitches to Junior Caminero,1,1,False,0,2026-08-17 22:50:00+00:00,4018165630504,A,2,1,Start Batter/Pitcher,start-batterpitcher,Bottom,3,3rd Inning,30,0,0,0,0,"[{'athlete': {'id': '4414339'}, 'type': 'pitcher'}, {'athlete': {'id': '4905921'}, 'type': 'batter'}, {'athlete': {'id': '40810'}, 'type': 'onSecond'}]",3.0,Now at bat,RIGHT,R,Right,,,,,,,,,,,,,,,,,,,40810,
4018165630504020024,2,Pitch 1 : Ball In Play,1,1,False,0,2026-08-17 22:50:00+00:00,4018165630504,P,2,24,Ground Out,ground-out,Bottom,3,3rd Inning,1,0,0,0,0,"[{'athlete': {'id': '4414339'}, 'type': 'pitcher'}, {'athlete': {'id': '4905921'}, 'type': 'batter'}, {'athlete': {'id': '40810'}, 'type': 'onSecond'}]",3.0,Ground Out,RIGHT,R,Right,1.0,93.0,G,GRO,129.0,183.0,2,Sinker,SI,136.0,141.0,,,,,,,,40810,
4018165630504990057,3,"Caminero grounded out to second, Aranda to third.",1,1,False,0,2026-08-17 22:50:00+00:00,4018165630504,N,2,57,Play Result,play-result,Bottom,3,3rd Inning,30,0,0,0,0,"[{'athlete': {'id': '4414339'}, 'type': 'pitcher'}, {'athlete': {'id': '4905921'}, 'type': 'batter'}, {'athlete': {'id': '40810'}, 'type': 'onThird'}]",3.0,,RIGHT,R,Right,1.0,,G,,129.0,183.0,,,,,,4018165630504020024,24,Ground Out,GRO,Ground Out,ground-out,,,40810
4018165630504990099,4,,1,1,False,0,2026-08-17 22:50:00+00:00,4018165630504,,2,99,End Batter/Pitcher,end-batterpitcher,Bottom,3,3rd Inning,30,0,0,0,0,"[{'athlete': {'id': '4414339'}, 'type': 'pitcher'}, {'athlete': {'id': '4905921'}, 'type': 'batter'}, {'athlete': {'id': '40810'}, 'type': 'onThird'}]",3.0,,RIGHT,R,Right,1.0,,G,,129.0,183.0,,,,136.0,141.0,,,,,,,,,40810
4018165630505010001,1,Brandon Young pitches to Liam Hicks,1,1,False,0,2026-08-17 22:50:14+00:00,4018165630505,A,3,1,Start Batter/Pitcher,start-batterpitcher,Bottom,3,3rd Inning,30,0,0,0,0,"[{'athlete': {'id': '4414339'}, 'type': 'pitcher'}, {'athlete': {'id': '4725251'}, 'type': 'batter'}, {'athlete': {'id': '40810'}, 'type': 'onThird'}]",4.0,Now at bat,LEFT,L,Left,,,,,,,,,,,,,,,,,,,,40810
4018165630505020036,2,Pitch 1 : Strike 1 Looking,1,1,False,0,2026-08-17 22:50:14+00:00,4018165630505,P,3,36,Strike Looking,strike-looking,Bottom,3,3rd Inning,1,0,0,0,1,"[{'athlete': {'id': '4414339'}, 'type': 'pitcher'}, {'athlete': {'id': '4725251'}, 'type': 'batter'}, {'athlete': {'id': '40810'}, 'type': 'onThird'}]",4.0,Strikeout,LEFT,L,Left,1.0,76.0,,SL,101.0,188.0,4,Curve,CU,,,,,,,,,,,40810
4018165630505030005,3,Pitch 2 : Ball 1,1,1,False,0,2026-08-17 22:50:30+00:00,4018165630505,P,3,5,Ball,ball,Bottom,3,3rd Inning,1,0,1,1,1,"[{'athlete': {'id': '4414339'}, 'type': 'pitcher'}, {'athlete': {'id': '4725251'}, 'type': 'batter'}, {'athlete': {'id': '40810'}, 'type': 'onThird'}]",4.0,Walk,LEFT,L,Left,2.0,84.0,,B,117.0,263.0,8,Splitter,FS,,,,,,,,,,,40810
4018165630505040005,4,Pitch 3 : Ball 2,1,1,False,0,2026-08-17 22:50:55+00:00,4018165630505,P,3,5,Ball,ball,Bottom,3,3rd Inning,1,1,1,2,1,"[{'athlete': {'id': '4414339'}, 'type': 'pitcher'}, {'athlete': {'id': '4725251'}, 'type': 'batter'}, {'athlete': {'id': '40810'}, 'type': 'onThird'}]",4.0,Walk,LEFT,L,Left,3.0,83.0,,B,157.0,137.0,8,Splitter,FS,,,,,,,,,,,40810
4018165630505050005,5,Pitch 4 : Ball 3,1,1,False,0,2026-08-17 22:51:19+00:00,4018165630505,P,3,5,Ball,ball,Bottom,3,3rd Inning,1,2,1,3,1,"[{'athlete': {'id': '4414339'}, 'type': 'pitcher'}, {'athlete': {'id': '4725251'}, 'type': 'batter'}, {'athlete': {'id': '40810'}, 'type': 'onThird'}]",4.0,Walk,LEFT,L,Left,4.0,74.0,,B,167.0,158.0,4,Curve,CU,,,,,,,,,,,40810
4018165630505060036,6,Pitch 5 : Strike 2 Looking,1,1,False,0,2026-08-17 22:51:46+00:00,4018165630505,P,3,36,Strike Looking,strike-looking,Bottom,3,3rd Inning,1,3,1,3,2,"[{'athlete': {'id': '4414339'}, 'type': 'pitcher'}, {'athlete': {'id': '4725251'}, 'type': 'batter'}, {'athlete': {'id': '40810'}, 'type': 'onThird'}]",4.0,Strikeout,LEFT,L,Left,5.0,73.0,,SL,113.0,171.0,4,Curve,CU,,,,,,,,,,,40810
4018165630505070037,7,Pitch 6 : Strike 3 Swinging,1,1,False,0,2026-08-17 22:52:15+00:00,4018165630505,P,3,37,Strike Swinging,strike-swinging,Bottom,3,3rd Inning,1,3,2,3,3,"[{'athlete': {'id': '4414339'}, 'type': 'pitcher'}, {'athlete': {'id': '4725251'}, 'type': 'batter'}, {'athlete': {'id': '40810'}, 'type': 'onThird'}]",4.0,Strikeout,LEFT,L,Left,6.0,74.0,,SS,96.0,209.0,4,Curve,CU,,,,,,,,,,,40810
4018165630505990057,8,Hicks struck out swinging.,1,1,False,0,2026-08-17 22:52:15+00:00,4018165630505,N,3,57,Play Result,play-result,Bottom,3,3rd Inning,30,3,3,3,3,"[{'athlete': {'id': '4414339'}, 'type': 'pitcher'}, {'athlete': {'id': '4725251'}, 'type': 'batter'}, {'athlete': {'id': '40810'}, 'type': 'onThird'}]",4.0,,LEFT,L,Left,6.0,,,,96.0,209.0,,,,,,4018165630505070037,37,Strike Swinging,SS,Strikeout,strike-swinging,,,40810
4018165630505990099,9,,1,1,False,0,2026-08-17 22:52:15+00:00,4018165630505,,3,99,End Batter/Pitcher,end-batterpitcher,Bottom,3,3rd Inning,30,3,3,3,3,"[{'athlete': {'id': '4414339'}, 'type': 'pitcher'}, {'athlete': {'id': '4725251'}, 'type': 'batter'}, {'athlete': {'id': '40810'}, 'type': 'onThird'}]",4.0,,LEFT,L,Left,6.0,,,,96.0,209.0,,,,,,,,,,,,,,40810
4018165630599990058,2,End of the 3rd inning,1,1,False,0,2026-08-17 22:52:15+00:00,4018165630505,,0,58,End Inning,end-inning,End,3,3rd Inning,30,0,0,0,0,,,,,,,,,,,,,,,,,,,,,,,,,,
4018165630600000059,1,Top of the 4th inning,1,1,False,0,2026-08-17 22:54:16+00:00,4018165630601,I,0,59,Start Inning,start-inning,Top,4,4th Inning,1,0,0,0,0,,,,,,,,,,,,,,,,,,,,,,,,,,
4018165630601010001,1,Shane McClanahan pitches to Jackson Holliday,1,1,False,0,2026-08-17 22:54:16+00:00,4018165630601,A,0,1,Start Batter/Pitcher,start-batterpitcher,Top,4,4th Inning,1,0,0,0,0,"[{'athlete': {'id': '41199'}, 'type': 'pitcher'}, {'athlete': {'id': '5080633'}, 'type': 'batter'}]",3.0,Now at bat,LEFT,L,Left,,,,,,,,,,,,,,,,,,,,
4018165630601020005,2,Pitch 1 : Ball 1,1,1,False,0,2026-08-17 22:54:16+00:00,4018165630601,P,0,5,Ball,ball,Top,4,4th Inning,30,0,0,1,0,"[{'athlete': {'id': '41199'}, 'type': 'pitcher'}, {'athlete': {'id': '5080633'}, 'type': 'batter'}]",3.0,Walk,LEFT,L,Left,1.0,81.0,L,B,174.0,186.0,4,Curve,CU,,,,,,,,,,,
4018165630601030036,3,Pitch 2 : Strike 1 Looking,1,1,False,0,2026-08-17 22:54:30+00:00,4018165630601,P,0,36,Strike Looking,strike-looking,Top,4,4th Inning,30,1,0,1,1,"[{'athlete': {'id': '41199'}, 'type': 'pitcher'}, {'athlete': {'id': '5080633'}, 'type': 'batter'}]",3.0,Strikeout,LEFT,L,Left,2.0,86.0,L,SL,141.0,190.0,5,Slider,SL,,,,,,,,,,,
4018165630601040002,4,Pitch 3 : Ball In Play,1,1,False,0,2026-08-17 22:54:54+00:00,4018165630601,P,0,2,Single,single,Top,4,4th Inning,30,1,1,1,1,"[{'athlete': {'id': '41199'}, 'type': 'pitcher'}, {'athlete': {'id': '5080633'}, 'type': 'batter'}]",3.0,Single,LEFT,L,Left,3.0,84.0,L,1B,93.0,165.0,6,Changeup,CH,178.0,117.0,,,,,,,,,
4018165630601990057,5,Holliday singled to right.,1,1,False,0,2026-08-17 22:54:54+00:00,4018165630601,N,0,57,Play Result,play-result,Top,4,4th Inning,1,1,1,1,1,"[{'athlete': {'id': '41199'}, 'type': 'pitcher'}, {'athlete': {'id': '5080633'}, 'type': 'batter'}, {'athlete': {'id': '5080633'}, 'type': 'onFirst'}]",3.0,,LEFT,L,Left,3.0,,L,,93.0,165.0,,,,178.0,117.0,4018165630601040002,2,Single,1B,Single,single,5080633,,
4018165630601990099,6,,1,1,False,0,2026-08-17 22:54:54+00:00,4018165630601,,0,99,End Batter/Pitcher,end-batterpitcher,Top,4,4th Inning,1,1,1,1,1,"[{'athlete': {'id': '41199'}, 'type': 'pitcher'}, {'athlete': {'id': '5080633'}, 'type': 'batter'}, {'athlete': {'id': '5080633'}, 'type': 'onFirst'}]",3.0,,LEFT,L,Left,3.0,,L,,93.0,165.0,,,,178.0,117.0,,,,,,,5080633,,
4018165630602020005,2,Pitch 1 : Ball 1,1,1,False,0,2026-08-17 22:55:15+00:00,4018165630602,P,0,5,Ball,ball,Top,4,4th Inning,30,0,0,1,0,"[{'athlete': {'id': '41199'}, 'type': 'pitcher'}, {'athlete': {'id': '4683371'}, 'type': 'batter'}, {'athlete': {'id': '5080633'}, 'type': 'onFirst'}]",4.0,Walk,RIGHT,R,Right,1.0,85.0,L,B,118.0,192.0,6,Changeup,CH,,,,,,,,,5080633,,
4018165630602010001,1,Shane McClanahan pitches to Coby Mayo,1,1,False,0,2026-08-17 22:55:15+00:00,4018165630602,A,0,1,Start Batter/Pitcher,start-batterpitcher,Top,4,4th Inning,1,0,0,0,0,"[{'athlete': {'id': '41199'}, 'type': 'pitcher'}, {'athlete': {'id': '4683371'}, 'type': 'batter'}, {'athlete': {'id': '5080633'}, 'type': 'onFirst'}]",4.0,Now at bat,RIGHT,R,Right,,,,,,,,,,,,,,,,,,5080633,,
4018165630602030005,3,Pitch 2 : Ball 2,1,1,False,0,2026-08-17 22:55:31+00:00,4018165630602,P,0,5,Ball,ball,Top,4,4th Inning,30,1,0,2,0,"[{'athlete': {'id': '41199'}, 'type': 'pitcher'}, {'athlete': {'id': '4683371'}, 'type': 'batter'}, {'athlete': {'id': '5080633'}, 'type': 'onFirst'}]",4.0,Walk,RIGHT,R,Right,2.0,85.0,L,B,133.0,227.0,6,Changeup,CH,,,,,,,,,5080633,,
4018165630602040036,4,Pitch 3 : Strike 1 Looking,1,1,False,0,2026-08-17 22:55:53+00:00,4018165630602,P,0,36,Strike Looking,strike-looking,Top,4,4th Inning,30,2,0,2,1,"[{'athlete': {'id': '41199'}, 'type': 'pitcher'}, {'athlete': {'id': '4683371'}, 'type': 'batter'}, {'athlete': {'id': '5080633'}, 'type': 'onFirst'}]",4.0,Strikeout,RIGHT,R,Right,3.0,80.0,L,SL,118.0,147.0,4,Curve,CU,,,,,,,,,5080633,,
4018165630602050005,5,Pitch 4 : Ball 3,1,1,False,0,2026-08-17 22:56:08+00:00,4018165630602,P,0,5,Ball,ball,Top,4,4th Inning,30,2,1,3,1,"[{'athlete': {'id': '41199'}, 'type': 'pitcher'}, {'athlete': {'id': '4683371'}, 'type': 'batter'}, {'athlete': {'id': '5080633'}, 'type': 'onFirst'}]",4.0,Walk,RIGHT,R,Right,4.0,86.0,L,B,122.0,129.0,5,Slider,SL,,,,,,,,,5080633,,
4018165630602060036,6,Pitch 5 : Strike 2 Looking,1,1,False,0,2026-08-17 22:56:37+00:00,4018165630602,P,0,36,Strike Looking,strike-looking,Top,4,4th Inning,30,3,1,3,2,"[{'athlete': {'id': '41199'}, 'type': 'pitcher'}, {'athlete': {'id': '4683371'}, 'type': 'batter'}, {'athlete': {'id': '5080633'}, 'type': 'onFirst'}]",4.0,Strikeout,RIGHT,R,Right,5.0,85.0,L,SL,126.0,153.0,6,Changeup,CH,,,,,,,,,5080633,,
4018165630602070003,7,Pitch 6 : Ball In Play,1,1,False,0,2026-08-17 22:57:06+00:00,4018165630602,P,0,3,Double,double,Top,4,4th Inning,30,3,2,3,2,"[{'athlete': {'id': '41199'}, 'type': 'pitcher'}, {'athlete': {'id': '4683371'}, 'type': 'batter'}, {'athlete': {'id': '5080633'}, 'type': 'onFirst'}]",4.0,Double,RIGHT,R,Right,6.0,84.0,L,2B,114.0,172.0,6,Changeup,CH,46.0,126.0,,,,,,,5080633,,
4018165630602990057,8,"Mayo doubled to left, Holliday to third.",1,1,False,0,2026-08-17 22:57:06+00:00,4018165630602,N,0,57,Play Result,play-result,Top,4,4th Inning,1,3,2,3,2,"[{'athlete': {'id': '41199'}, 'type': 'pitcher'}, {'athlete': {'id': '4683371'}, 'type': 'batter'}, {'athlete': {'id': '4683371'}, 'type': 'onSecond'}, {'athlete': {'id': '5080633'}, 'type': 'onThird'}]",4.0,,RIGHT,R,Right,6.0,,L,,114.0,172.0,,,,46.0,126.0,4018165630602070003,3,Double,2B,Double,double,,4683371,5080633
4018165630602990099,9,,1,1,False,0,2026-08-17 22:57:06+00:00,4018165630602,,0,99,End Batter/Pitcher,end-batterpitcher,Top,4,4th Inning,1,3,2,3,2,"[{'athlete': {'id': '41199'}, 'type': 'pitcher'}, {'athlete': {'id': '4683371'}, 'type': 'batter'}, {'athlete': {'id': '4683371'}, 'type': 'onSecond'}, {'athlete': {'id': '5080633'}, 'type': 'onThird'}]",4.0,,RIGHT,R,Right,6.0,,L,,114.0,172.0,,,,46.0,126.0,,,,,,,,4683371,5080633
4018165630603010001,1,Shane McClanahan pitches to Gunnar Henderson,1,1,False,0,2026-08-17 22:58:13+00:00,4018165630603,A,1,1,Start Batter/Pitcher,start-batterpitcher,Top,4,4th Inning,1,0,0,0,0,"[{'athlete': {'id': '41199'}, 'type': 'pitcher'}, {'athlete': {'id': '42507'}, 'type': 'batter'}, {'athlete': {'id': '4683371'}, 'type': 'onSecond'}, {'athlete': {'id': '5080633'}, 'type': 'onThird'}]",5.0,Now at bat,LEFT,L,Left,,,,,,,,,,,,,,,,,,,4683371,5080633
4018165630603020021,2,Pitch 1 : Strike 1 Foul,1,1,False,0,2026-08-17 22:58:13+00:00,4018165630603,P,1,21,Foul Ball,foul-ball,Top,4,4th Inning,30,0,0,0,1,"[{'athlete': {'id': '41199'}, 'type': 'pitcher'}, {'athlete': {'id': '42507'}, 'type': 'batter'}, {'athlete': {'id': '4683371'}, 'type': 'onSecond'}, {'athlete': {'id': '5080633'}, 'type': 'onThird'}]",5.0,,LEFT,L,Left,1.0,87.0,,F,159.0,189.0,5,Slider,SL,,,,,,,,,,4683371,5080633
4018165630603030021,3,Pitch 2 : Strike 2 Foul,1,1,False,0,2026-08-17 22:58:39+00:00,4018165630603,P,1,21,Foul Ball,foul-ball,Top,4,4th Inning,30,0,1,0,2,"[{'athlete': {'id': '41199'}, 'type': 'pitcher'}, {'athlete': {'id': '42507'}, 'type': 'batter'}, {'athlete': {'id': '4683371'}, 'type': 'onSecond'}, {'athlete': {'id': '5080633'}, 'type': 'onThird'}]",5.0,,LEFT,L,Left,2.0,87.0,,F,130.0,164.0,5,Slider,SL,,,,,,,,,,4683371,5080633
4018165630603040005,4,Pitch 3 : Ball 1,1,1,False,0,2026-08-17 22:59:10+00:00,4018165630603,P,1,5,Ball,ball,Top,4,4th Inning,30,0,2,1,2,"[{'athlete': {'id': '41199'}, 'type': 'pitcher'}, {'athlete': {'id': '42507'}, 'type': 'batter'}, {'athlete': {'id': '4683371'}, 'type': 'onSecond'}, {'athlete': {'id': '5080633'}, 'type': 'onThird'}]",5.0,Walk,LEFT,L,Left,3.0,96.0,,B,177.0,191.0,17,Four-seam FB,FF,,,,,,,,,,4683371,5080633
4018165630603050021,5,Pitch 4 : Strike 2 Foul,1,1,False,0,2026-08-17 22:59:30+00:00,4018165630603,P,1,21,Foul Ball,foul-ball,Top,4,4th Inning,30,1,2,1,2,"[{'athlete': {'id': '41199'}, 'type': 'pitcher'}, {'athlete': {'id': '42507'}, 'type': 'batter'}, {'athlete': {'id': '4683371'}, 'type': 'onSecond'}, {'athlete': {'id': '5080633'}, 'type': 'onThird'}]",5.0,,LEFT,L,Left,4.0,87.0,,F,104.0,162.0,5,Slider,SL,,,,,,,,,,4683371,5080633
4018165630603990099,8,,1,1,False,0,2026-08-17 22:59:55+00:00,4018165630603,,1,99,End Batter/Pitcher,end-batterpitcher,Top,4,4th Inning,1,1,3,1,3,"[{'athlete': {'id': '41199'}, 'type': 'pitcher'}, {'athlete': {'id': '42507'}, 'type': 'batter'}, {'athlete': {'id': '4683371'}, 'type': 'onSecond'}, {'athlete': {'id': '5080633'}, 'type': 'onThird'}]",5.0,,LEFT,L,Left,5.0,,,,103.0,196.0,,,,,,,,,,,,,4683371,5080633
4018165630603060037,6,Pitch 5 : Strike 3 Swinging,1,1,False,0,2026-08-17 22:59:55+00:00,4018165630603,P,1,37,Strike Swinging,strike-swinging,Top,4,4th Inning,30,1,2,1,3,"[{'athlete': {'id': '41199'}, 'type': 'pitcher'}, {'athlete': {'id': '42507'}, 'type': 'batter'}, {'athlete': {'id': '4683371'}, 'type': 'onSecond'}, {'athlete': {'id': '5080633'}, 'type': 'onThird'}]",5.0,Strikeout,LEFT,L,Left,5.0,85.0,,SS,103.0,196.0,6,Changeup,CH,,,,,,,,,,4683371,5080633
4018165630603990057,7,Henderson struck out swinging.,1,1,False,0,2026-08-17 22:59:55+00:00,4018165630603,N,1,57,Play Result,play-result,Top,4,4th Inning,1,1,3,1,3,"[{'athlete': {'id': '41199'}, 'type': 'pitcher'}, {'athlete': {'id': '42507'}, 'type': 'batter'}, {'athlete': {'id': '4683371'}, 'type': 'onSecond'}, {'athlete': {'id': '5080633'}, 'type': 'onThird'}]",5.0,,LEFT,L,Left,5.0,,,,103.0,196.0,,,,,,4018165630603060037,37,Strike Swinging,SS,Strikeout,strike-swinging,,4683371,5080633
4018165630604001157,1,Legumina relieved McClanahan,1,1,False,0,2026-08-17 23:02:29+00:00,4018165630604,C,0,57,Play Result,play-result,Top,4,4th Inning,30,0,0,0,0,"[{'athlete': {'id': '4346117'}, 'type': 'pitcher'}]",10.0,,,,,,,,,,,,,,,,,56,Lineup Change,,,lineup-change,,,
4018165630604010001,2,Casey Legumina pitches to Christian Encarnacion-Strand,3,1,False,0,2026-08-17 23:02:29+00:00,4018165630604,A,1,1,Start Batter/Pitcher,start-batterpitcher,Top,4,4th Inning,1,0,0,0,0,"[{'athlete': {'id': '4346117'}, 'type': 'pitcher'}, {'athlete': {'id': '5012106'}, 'type': 'batter'}, {'athlete': {'id': '4683371'}, 'type': 'onSecond'}, {'athlete': {'id': '5080633'}, 'type': 'onThird'}]",6.0,Now at bat,RIGHT,R,Right,,,,,,,,,,,,,,,,,,,4683371,5080633
4018165630604020037,3,Pitch 1 : Strike 1 Swinging,1,1,False,0,2026-08-17 23:02:29+00:00,4018165630604,P,1,37,Strike Swinging,strike-swinging,Top,4,4th Inning,30,0,0,0,1,"[{'athlete': {'id': '4346117'}, 'type': 'pitcher'}, {'athlete': {'id': '5012106'}, 'type': 'batter'}, {'athlete': {'id': '4683371'}, 'type': 'onSecond'}, {'athlete': {'id': '5080633'}, 'type': 'onThird'}]",6.0,Strikeout,RIGHT,R,Right,1.0,92.0,G,SS,144.0,165.0,17,Four-seam FB,FF,,,,,,,,,,4683371,5080633
4018165630604030021,4,Pitch 2 : Strike 2 Foul,1,1,False,0,2026-08-17 23:02:44+00:00,4018165630604,P,1,21,Foul Ball,foul-ball,Top,4,4th Inning,30,0,1,0,2,"[{'athlete': {'id': '4346117'}, 'type': 'pitcher'}, {'athlete': {'id': '5012106'}, 'type': 'batter'}, {'athlete': {'id': '4683371'}, 'type': 'onSecond'}, {'athlete': {'id': '5080633'}, 'type': 'onThird'}]",6.0,,RIGHT,R,Right,2.0,92.0,G,F,137.0,173.0,17,Four-seam FB,FF,118.0,88.0,,,,,,,,4683371,5080633
4018165630604040021,5,Pitch 3 : Strike 2 Foul,1,1,False,0,2026-08-17 23:03:09+00:00,4018165630604,P,1,21,Foul Ball,foul-ball,Top,4,4th Inning,30,0,2,0,2,"[{'athlete': {'id': '4346117'}, 'type': 'pitcher'}, {'athlete': {'id': '5012106'}, 'type': 'batter'}, {'athlete': {'id': '4683371'}, 'type': 'onSecond'}, {'athlete': {'id': '5080633'}, 'type': 'onThird'}]",6.0,,RIGHT,R,Right,3.0,92.0,G,F,112.0,163.0,17,Four-seam FB,FF,118.0,88.0,,,,,,,,4683371,5080633
4018165630604050021,6,Pitch 4 : Strike 2 Foul,1,1,False,0,2026-08-17 23:03:31+00:00,4018165630604,P,1,21,Foul Ball,foul-ball,Top,4,4th Inning,30,0,2,0,2,"[{'athlete': {'id': '4346117'}, 'type': 'pitcher'}, {'athlete': {'id': '5012106'}, 'type': 'batter'}, {'athlete': {'id': '4683371'}, 'type': 'onSecond'}, {'athlete': {'id': '5080633'}, 'type': 'onThird'}]",6.0,,RIGHT,R,Right,4.0,92.0,G,F,94.0,148.0,17,Four-seam FB,FF,118.0,88.0,,,,,,,,4683371,5080633
4018165630604990057,8,"Encarnacion-Strand singled to center, Holliday scored and Mayo scored.",3,1,True,2,2026-08-17 23:04:17+00:00,4018165630604,S,1,57,Play Result,play-result,Top,4,4th Inning,1,0,2,0,2,"[{'athlete': {'id': '4346117'}, 'type': 'pitcher'}, {'athlete': {'id': '5012106'}, 'type': 'batter'}, {'athlete': {'id': '5012106'}, 'type': 'onFirst'}]",6.0,,RIGHT,R,Right,5.0,,G,,116.0,142.0,,,,118.0,88.0,4018165630604060002,2,Single,1B,Single,single,5012106,,
4018165630604060002,7,Pitch 5 : Ball In Play,3,1,False,0,2026-08-17 23:04:17+00:00,4018165630604,P,1,2,Single,single,Top,4,4th Inning,30,0,2,0,2,"[{'athlete': {'id': '4346117'}, 'type': 'pitcher'}, {'athlete': {'id': '5012106'}, 'type': 'batter'}, {'athlete': {'id': '4683371'}, 'type': 'onSecond'}, {'athlete': {'id': '5080633'}, 'type': 'onThird'}]",6.0,Single,RIGHT,R,Right,5.0,91.0,G,1B,116.0,142.0,17,Four-seam FB,FF,118.0,88.0,,,,,,,,4683371,5080633
4018165630604990099,9,,3,1,False,0,2026-08-17 23:04:17+00:00,4018165630604,,1,99,End Batter/Pitcher,end-batterpitcher,Top,4,4th Inning,1,0,2,0,2,"[{'athlete': {'id': '4346117'}, 'type': 'pitcher'}, {'athlete': {'id': '5012106'}, 'type': 'batter'}, {'athlete': {'id': '5012106'}, 'type': 'onFirst'}]",6.0,,RIGHT,R,Right,5.0,,G,,116.0,142.0,,,,118.0,88.0,,,,,,,5012106,,
4018165630605010001,1,Casey Legumina pitches to Jeremiah Jackson,3,1,False,0,2026-08-17 23:04:40+00:00,4018165630605,A,1,1,Start Batter/Pitcher,start-batterpitcher,Top,4,4th Inning,1,0,0,0,0,"[{'athlete': {'id': '4346117'}, 'type': 'pitcher'}, {'athlete': {'id': '41264'}, 'type': 'batter'}, {'athlete': {'id': '5012106'}, 'type': 'onFirst'}]",7.0,Now at bat,RIGHT,R,Right,,,,,,,,,,,,,,,,,,5012106,,
4018165630605020021,2,Pitch 1 : Strike 1 Foul,3,1,False,0,2026-08-17 23:04:40+00:00,4018165630605,P,1,21,Foul Ball,foul-ball,Top,4,4th Inning,30,0,0,0,1,"[{'athlete': {'id': '4346117'}, 'type': 'pitcher'}, {'athlete': {'id': '41264'}, 'type': 'batter'}, {'athlete': {'id': '5012106'}, 'type': 'onFirst'}]",7.0,,RIGHT,R,Right,1.0,84.0,,F,96.0,175.0,5,Slider,SL,,,,,,,,,5012106,,
4018165630605030021,3,Pitch 2 : Strike 2 Foul,3,1,False,0,2026-08-17 23:04:57+00:00,4018165630605,P,1,21,Foul Ball,foul-ball,Top,4,4th Inning,30,0,1,0,2,"[{'athlete': {'id': '4346117'}, 'type': 'pitcher'}, {'athlete': {'id': '41264'}, 'type': 'batter'}, {'athlete': {'id': '5012106'}, 'type': 'onFirst'}]",7.0,,RIGHT,R,Right,2.0,92.0,,F,177.0,159.0,17,Four-seam FB,FF,,,,,,,,,5012106,,
4018165630605040005,4,Pitch 3 : Ball 1,3,1,False,0,2026-08-17 23:05:17+00:00,4018165630605,P,1,5,Ball,ball,Top,4,4th Inning,30,0,2,1,2,"[{'athlete': {'id': '4346117'}, 'type': 'pitcher'}, {'athlete': {'id': '41264'}, 'type': 'batter'}, {'athlete': {'id': '5012106'}, 'type': 'onFirst'}]",7.0,Walk,RIGHT,R,Right,3.0,91.0,,B,63.0,187.0,17,Four-seam FB,FF,,,,,,,,,5012106,,
